domain_from,url_from,url_to,anchor,dofollow,domain_from_rank,page_from_rank,domain_from_country,page_from_language,is_broken,first_seen,last_seen,backlink_spam_score,domain_from_platform_type,attributes
ru.wikivoyage.org,https://ru.wikivoyage.org/wiki/%D0%9A%D0%B5%D0%B9%D0%BB%D0%B0,https://www.laitseloss.ee/,Laitse loss,False,86,15,RU,ru,False,2026-01-06 08:48:01 +00:00,2026-03-22 08:58:48 +00:00,0,"wikis, organization",nofollow
de-academic.com,https://de-academic.com/dic.nsf/dewiki/762550,http://www.laitseloss.ee/flash/,Gutshaus Laitse,False,86,0,DE,de,False,2025-01-11 04:44:28 +00:00,2025-06-02 08:27:38 +00:00,0,unknown,nofollow
de-academic.com,https://de-academic.com/dic.nsf/dewiki/770022,http://www.laitseloss.ee/flash/,Gutshaus Laitse,False,86,3,DE,de,False,2025-05-30 11:30:07 +00:00,2025-05-30 11:30:07 +00:00,0,unknown,nofollow
ssb.ee,https://ssb.ee/14203882-MAPUNGANE-GANDAGANGA-OU/firma-seire,https://laitseloss.ee/,,True,84,0,EE,et,False,2026-02-14 14:25:55 +00:00,2026-02-14 14:25:55 +00:00,0,unknown,
ssb.ee,https://ssb.ee/80156354-LAITSE-PARGID-MTU/otsustajad-kasusaajad,https://www.laitseloss.ee/,laitseloss.ee,True,84,0,EE,et,False,2026-02-13 08:12:25 +00:00,2026-02-13 08:12:25 +00:00,0,unknown,"noreferrer, noopener"
ssb.ee,https://ssb.ee/80156354-LAITSE-PARGID-MTU/tootajad-palgad,https://www.laitseloss.ee/,laitseloss.ee,True,84,0,EE,et,False,2026-02-13 08:12:22 +00:00,2026-02-13 08:12:22 +00:00,0,unknown,"noreferrer, noopener"
ssb.ee,https://ssb.ee/80156354-LAITSE-PARGID-MTU/finantsid-varad-prognoosid,https://www.laitseloss.ee/,laitseloss.ee,True,84,0,EE,et,False,2026-02-13 08:12:18 +00:00,2026-02-13 08:12:18 +00:00,0,unknown,"noreferrer, noopener"
ssb.ee,https://ssb.ee/80156354-LAITSE-PARGID-MTU/firma-seire,https://www.laitseloss.ee/,laitseloss.ee,True,84,0,EE,et,False,2026-02-13 08:12:15 +00:00,2026-02-13 08:12:15 +00:00,0,unknown,"noreferrer, noopener"
ssb.ee,https://ssb.ee/80156354-LAITSE-PARGID-MTU/kohustused-volad-kohtulahendid,https://www.laitseloss.ee/,laitseloss.ee,True,84,0,EE,et,False,2026-02-13 08:12:09 +00:00,2026-02-13 08:12:09 +00:00,0,unknown,"noreferrer, noopener"
ssb.ee,https://ssb.ee/14203882-MAPUNGANE-GANDAGANGA-OU/tootajad-palgad,https://laitseloss.ee/,,True,84,0,EE,et,False,2025-12-07 12:56:21 +00:00,2026-02-02 02:18:19 +00:00,0,unknown,
ssb.ee,https://ssb.ee/286134-ID/isiku-koondraport,https://www.laitseloss.ee/,laitseloss.ee,True,84,0,EE,et,False,2025-11-24 22:22:46 +00:00,2026-02-02 01:32:52 +00:00,0,unknown,
ssb.ee,https://ssb.ee/286134-ID/isiku-meedia,https://www.laitseloss.ee/,laitseloss.ee,True,84,0,EE,et,False,2025-08-17 06:37:48 +00:00,2026-02-02 01:21:46 +00:00,0,"news, organization",
ssb.ee,https://ssb.ee/286134-ID/isiku-kohustused,https://www.laitseloss.ee/,laitseloss.ee,True,84,0,EE,et,False,2025-11-17 05:13:37 +00:00,2026-02-01 23:28:50 +00:00,0,unknown,
ssb.ee,https://ssb.ee/286134-ID/isiku-finantsid,https://www.laitseloss.ee/,laitseloss.ee,True,84,0,EE,et,False,2025-08-17 06:37:28 +00:00,2026-02-01 23:27:37 +00:00,0,unknown,
ssb.ee,https://ssb.ee/286134-ID/isiku-tootajad,https://www.laitseloss.ee/,laitseloss.ee,True,84,0,EE,et,False,2025-11-17 05:13:39 +00:00,2026-02-01 23:27:35 +00:00,0,unknown,
ssb.ee,https://ssb.ee/80156354-LAITSE-PARGID-MTU/meedia-arvamuslood,https://www.laitseloss.ee/,laitseloss.ee,True,84,0,EE,et,False,2026-02-01 23:23:47 +00:00,2026-02-01 23:23:47 +00:00,0,organization,"noreferrer, noopener"
ssb.ee,https://ssb.ee/en/80156354-LAITSE-PARGID-MTU/media-storytelling,https://www.laitseloss.ee/,laitseloss.ee,True,84,0,EE,en,False,2026-01-26 12:03:12 +00:00,2026-01-26 12:03:12 +00:00,0,organization,"noreferrer, noopener"
ssb.ee,https://ssb.ee/en/80156354-LAITSE-PARGID-MTU/employees-salaries,https://www.laitseloss.ee/,laitseloss.ee,True,84,0,EE,en,False,2025-05-14 04:00:14 +00:00,2026-01-26 11:34:51 +00:00,0,unknown,"noreferrer, noopener"
ssb.ee,https://ssb.ee/en/80156354-LAITSE-PARGID-MTU/liabilities-debts-court,https://www.laitseloss.ee/,laitseloss.ee,True,84,0,EE,en,False,2025-05-14 04:00:12 +00:00,2026-01-26 11:34:49 +00:00,0,unknown,"noreferrer, noopener"
ssb.ee,https://ssb.ee/en/80156354-LAITSE-PARGID-MTU/company-monitoring,https://www.laitseloss.ee/,laitseloss.ee,True,84,0,EE,en,False,2025-05-14 04:00:10 +00:00,2026-01-26 11:34:47 +00:00,0,unknown,"noreferrer, noopener"
ssb.ee,https://ssb.ee/en/80156354-LAITSE-PARGID-MTU/summary-report,https://www.laitseloss.ee/,laitseloss.ee,True,84,0,EE,en,False,2025-05-14 04:00:08 +00:00,2026-01-26 11:34:45 +00:00,0,unknown,"noreferrer, noopener"
ssb.ee,https://ssb.ee/en/80156354-LAITSE-PARGID-MTU/financial-assets-forecasts,https://www.laitseloss.ee/,laitseloss.ee,True,84,0,EE,en,False,2025-05-14 04:00:06 +00:00,2026-01-26 11:34:43 +00:00,0,unknown,"noreferrer, noopener"
ssb.ee,https://ssb.ee/en/80156354-LAITSE-PARGID-MTU/decision-makers,https://www.laitseloss.ee/,laitseloss.ee,True,84,0,EE,en,False,2025-05-14 04:00:02 +00:00,2026-01-26 11:34:39 +00:00,0,unknown,"noreferrer, noopener"
ssb.ee,https://ssb.ee/en/286134-ID/board-member-media,https://www.laitseloss.ee/,laitseloss.ee,True,84,0,EE,en,False,2026-01-05 12:21:29 +00:00,2026-01-05 12:21:29 +00:00,0,unknown,
ssb.ee,https://ssb.ee/en/286134-ID/board-member-summary-report,https://www.laitseloss.ee/,laitseloss.ee,True,84,0,EE,en,False,2026-01-05 12:21:27 +00:00,2026-01-05 12:21:27 +00:00,0,unknown,
ssb.ee,https://ssb.ee/en/286134-ID/board-member-obligations,https://www.laitseloss.ee/,laitseloss.ee,True,84,0,EE,en,False,2026-01-05 12:21:25 +00:00,2026-01-05 12:21:25 +00:00,0,unknown,
ssb.ee,https://ssb.ee/en/286134-ID/board-member-employees,https://www.laitseloss.ee/,laitseloss.ee,True,84,0,EE,en,False,2026-01-05 12:21:23 +00:00,2026-01-05 12:21:23 +00:00,0,unknown,
ssb.ee,https://ssb.ee/en/286134-ID/board-member-finances,https://www.laitseloss.ee/,laitseloss.ee,True,84,0,EE,en,False,2026-01-05 12:21:21 +00:00,2026-01-05 12:21:21 +00:00,0,unknown,
ssb.ee,https://ssb.ee/en/14203882-MAPUNGANE-GANDAGANGA-OU/company-monitoring,https://laitseloss.ee/,,True,84,0,EE,en,False,2026-01-05 08:58:52 +00:00,2026-01-05 08:58:52 +00:00,0,unknown,
ssb.ee,https://ssb.ee/en/14203882-MAPUNGANE-GANDAGANGA-OU/decision-makers,https://laitseloss.ee/,,True,84,0,EE,en,False,2026-01-05 08:58:50 +00:00,2026-01-05 08:58:50 +00:00,0,unknown,
ssb.ee,https://ssb.ee/en/14203882-MAPUNGANE-GANDAGANGA-OU/summary-report,https://laitseloss.ee/,,True,84,0,EE,en,False,2026-01-05 08:58:48 +00:00,2026-01-05 08:58:48 +00:00,0,unknown,
ssb.ee,https://ssb.ee/en/14203882-MAPUNGANE-GANDAGANGA-OU/liabilities-debts-court,https://laitseloss.ee/,,True,84,0,EE,en,False,2026-01-05 08:58:46 +00:00,2026-01-05 08:58:46 +00:00,0,unknown,
ssb.ee,https://ssb.ee/en/14203882-MAPUNGANE-GANDAGANGA-OU/media-storytelling,https://laitseloss.ee/,,True,84,0,EE,en,False,2026-01-05 06:58:19 +00:00,2026-01-05 06:58:19 +00:00,0,"news, organization",
ssb.ee,https://ssb.ee/en/14203882-MAPUNGANE-GANDAGANGA-OU/financial-assets-forecasts,https://laitseloss.ee/,,True,84,0,EE,en,False,2026-01-05 06:58:05 +00:00,2026-01-05 06:58:05 +00:00,0,unknown,
ssb.ee,https://ssb.ee/en/14203882-MAPUNGANE-GANDAGANGA-OU/employees-salaries,https://laitseloss.ee/,,True,84,0,EE,en,False,2026-01-05 06:58:03 +00:00,2026-01-05 06:58:03 +00:00,0,unknown,
ssb.ee,https://ssb.ee/14203882-MAPUNGANE-GANDAGANGA-OU/meedia-arvamuslood,https://laitseloss.ee/,,True,84,0,EE,et,False,2025-12-07 12:56:23 +00:00,2025-12-07 12:56:23 +00:00,0,"news, organization",
ssb.ee,https://ssb.ee/14203882-MAPUNGANE-GANDAGANGA-OU/finantsid-varad-prognoosid,https://laitseloss.ee/,,True,84,0,EE,et,False,2025-12-07 12:56:19 +00:00,2025-12-07 12:56:19 +00:00,0,unknown,
ssb.ee,https://ssb.ee/14203882-MAPUNGANE-GANDAGANGA-OU/otsustajad-kasusaajad,https://laitseloss.ee/,,True,84,0,EE,et,False,2025-12-07 12:56:17 +00:00,2025-12-07 12:56:17 +00:00,0,unknown,
ssb.ee,https://ssb.ee/14203882-MAPUNGANE-GANDAGANGA-OU/kohustused-volad-kohtulahendid,https://laitseloss.ee/,,True,84,0,EE,et,False,2025-12-07 12:56:15 +00:00,2025-12-07 12:56:15 +00:00,0,unknown,
wiki-gateway.eudic.net,https://wiki-gateway.eudic.net/wikipedia_en/Laitse.html,http://www.laitseloss.ee/en/,Laitse manor official site,True,83,0,IN,,False,2025-11-10 07:23:04 +00:00,2025-11-10 07:23:04 +00:00,15,unknown,
www.inforegister.ee,https://www.inforegister.ee/ru/80156354-LAITSE-PARGID-MTU/,https://laitseloss.ee/,laitseloss.ee,False,81,0,EE,ru,False,2025-04-01 01:53:48 +00:00,2026-03-21 15:46:33 +00:00,0,unknown,"noopener, noreferrer, nofollow"
www.inforegister.ee,https://www.inforegister.ee/en/14203882-MAPUNGANE-GANDAGANGA-OU/,https://laitseloss.ee/,,False,81,7,EE,en,False,2025-02-12 06:08:04 +00:00,2026-03-19 00:18:02 +00:00,0,unknown,"noopener, noreferrer, nofollow"
www.inforegister.ee,https://www.inforegister.ee/en/80156354-LAITSE-PARGID-MTU/,https://laitseloss.ee/,laitseloss.ee,False,81,6,EE,en,False,2025-03-05 20:29:03 +00:00,2026-03-19 00:06:10 +00:00,0,unknown,"noopener, noreferrer, nofollow"
www.inforegister.ee,https://www.inforegister.ee/en/80156354-LAITSE-PARGID-MTU/,https://www.laitseloss.ee/,laitseloss.ee,False,81,6,EE,en,False,2025-03-05 20:29:03 +00:00,2026-03-19 00:06:10 +00:00,0,unknown,"noopener, noreferrer, nofollow"
www.inforegister.ee,https://www.inforegister.ee/80156354-LAITSE-PARGID-MTU/,https://laitseloss.ee/,laitseloss.ee,False,81,4,EE,et,False,2025-02-08 20:22:56 +00:00,2026-03-15 11:23:01 +00:00,0,unknown,"noopener, noreferrer, nofollow"
www.kirjastot.fi,https://www.kirjastot.fi/kysy/onko-laitinen-sukunimi-yhteydessa-virossa?language_content_entity=fi,http://www.laitseloss.ee/en/,http://www.laitseloss.ee/en/,True,76,0,FI,fi,False,2024-06-30 15:34:24 +00:00,2026-02-26 13:10:28 +00:00,20,unknown,
perceptiohu.com,https://perceptiohu.com/%D0%9B%D0%B0%D0%B9%D1%86,https://www.laitseloss.ee/ajalugu/,Ajalugu,False,76,7,,hu,False,2025-03-10 18:16:32 +00:00,2025-04-27 19:47:07 +00:00,0,unknown,nofollow
perceptiohu.com,https://perceptiohu.com/%D0%9B%D0%B0%D0%B9%D1%86,https://www.laitseloss.ee/glavnaja-stranica,laitseloss.ee/mainnaja-s…,False,76,7,,hu,False,2025-03-10 18:16:32 +00:00,2025-04-27 19:47:07 +00:00,0,unknown,nofollow
www.delfi.ee,https://www.delfi.ee/artikkel/83802701/kaheksa-motet-mis-aitavad-sul-teha-parema-firmapeo,http://www.laitseloss.ee/morvamusteerium,Täpsem info,True,73,0,EE,,False,2023-05-26 11:17:59 +00:00,2026-02-07 22:24:48 +00:00,0,unknown,
annestiil.delfi.ee,https://annestiil.delfi.ee/artikkel/91474516/noid-nastja-maagilistest-naistest-hirmudest-ja-enesekindlusest,https://www.laitseloss.ee/,Laitse Loss,True,73,16,EE,,False,2023-07-08 03:21:44 +00:00,2026-02-01 15:43:00 +00:00,0,unknown,
ipfs.io,https://ipfs.io/ipfs/QmXoypizjW3WknFiJnKLwHCnL72vedxjQkDDP1mXWo6uco/wiki/Laitse.html,http://www.laitseloss.ee/en/,Laitse manor official site,True,72,0,IO,,False,2024-11-24 07:29:51 +00:00,2026-03-17 09:47:59 +00:00,15,unknown,
rus.delfi.lv,https://rus.delfi.lv/turgid/43988048/turnews/120077820/izyskannaya-estoniya-zamki-vinogradniki-i-spa-chem-nasladitsya-etim-letom-u-nashih-severnyh-sosedey,https://www.laitseloss.ee/,Усадьба Лайтсе,False,72,0,LV,ru,False,2025-07-01 04:41:14 +00:00,2026-03-10 10:48:57 +00:00,0,"news, organization","noopener, nofollow"
www.ciudades.co,http://www.ciudades.co/estonia/ciudad_saue_76501.html,http://www.laitseloss.ee/,www.laitseloss.ee,False,70,8,CO,,False,2019-02-16 19:16:00 +00:00,2026-02-06 09:03:41 +00:00,10,unknown,nofollow
tury.club,https://tury.club/sight/id/23157,http://www.laitseloss.ee/,,True,67,0,WW,en,False,2025-06-02 07:30:58 +00:00,2026-03-23 08:24:50 +00:00,0,unknown,
www.hotelcontact.net,https://www.hotelcontact.net/laitse-loss-saue-en.html,https://www.laitseloss.ee/,https://www.laitseloss.ee,True,67,0,ID,en,False,2026-02-21 20:37:10 +00:00,2026-02-21 20:37:10 +00:00,0,unknown,
visitestonia.com,https://visitestonia.com/de/gutshof-laitse-dt-laitz,https://www.laitseloss.ee/home,Homepage,True,67,0,WW,de,False,2024-10-18 11:40:44 +00:00,2025-04-03 15:18:04 +00:00,0,unknown,
eb.ee,https://eb.ee/et/companies/9105,http://www.laitseloss.ee/,http://www.laitseloss.ee,True,66,0,EE,,False,2022-03-23 05:07:27 +00:00,2026-01-17 21:34:33 +00:00,10,unknown,
visitestonia.com,https://visitestonia.com/de/glamouroses-krimi-dinner-auf-schloss-laitz,https://www.laitseloss.ee/murder-mystery/,Homepage,True,65,7,WW,de,False,2026-02-11 19:37:37 +00:00,2026-03-19 11:53:42 +00:00,0,unknown,
fienta.com,https://fienta.com/et/eesti-tantrafestival-150822?,http://www.laitseloss.ee/,www.laitseloss.ee,False,65,3,GB,et,False,2026-03-12 16:07:43 +00:00,2026-03-12 16:07:43 +00:00,0,"organization, ecommerce","nofollow, noopener, noreferrer"
fienta.com,https://fienta.com/et/eesti-tantrafestival-150822,http://www.laitseloss.ee/,www.laitseloss.ee,False,65,49,GB,et,False,2025-11-18 20:26:31 +00:00,2026-03-12 08:56:40 +00:00,0,"organization, ecommerce","nofollow, noopener, noreferrer"
visitestonia.com,https://visitestonia.com/lv/glamura-slepkavibu-misterija-ar-vakarinam-laitses-pili,https://www.laitseloss.ee/murder-mystery/,Homepage,True,65,6,WW,lv,False,2026-01-29 06:38:48 +00:00,2026-03-07 21:47:27 +00:00,0,unknown,
visitestonia.com,https://visitestonia.com/fi/laitsen-linna,https://www.laitseloss.ee/etusivu,Homepage,True,65,0,WW,fi,False,2024-10-17 18:52:15 +00:00,2026-02-25 20:26:46 +00:00,0,unknown,
visitestonia.com,https://visitestonia.com/en/laitse-castle,https://www.laitseloss.ee/home,Homepage,True,65,0,WW,en,False,2024-10-17 07:56:12 +00:00,2026-02-25 19:19:23 +00:00,0,unknown,
visitestonia.com,https://visitestonia.com/en/a-glamorous-murder-mystery-dinner-at-laitse-castle,https://www.laitseloss.ee/murder-mystery/,Homepage,True,65,0,WW,en,False,2026-01-29 05:58:20 +00:00,2026-02-25 03:06:02 +00:00,0,unknown,
visitestonia.com,https://visitestonia.com/lv/laitses-pils,https://www.laitseloss.ee/home,Homepage,True,65,0,WW,lv,False,2024-10-24 06:28:07 +00:00,2026-02-21 22:54:36 +00:00,0,unknown,
wanderlog.com,https://wanderlog.com/drive/between/10293/9679/parnu-to-tallinn-drive,http://www.laitseloss.ee/,http://www.laitseloss.ee/,True,65,0,US,en,False,2023-08-29 01:28:28 +00:00,2026-02-06 05:53:12 +00:00,0,unknown,noopener
wanderlog.com,https://wanderlog.com/drive/between/11442/9679/haapsalu-to-tallinn-drive,http://www.laitseloss.ee/,http://www.laitseloss.ee/,True,65,0,US,en,False,2023-08-08 06:17:52 +00:00,2026-02-06 05:49:22 +00:00,0,unknown,noopener
www.neti.ee,https://www.neti.ee/teema/MEELELAHUTUS_JA_HOBID/Yrituskorraldus/Yrituskohad_ja_Inventar,http://www.laitseloss.ee/,Laitse Loss,True,65,0,EE,,False,2025-01-12 08:36:11 +00:00,2026-01-28 08:28:18 +00:00,65,unknown,"noopener, noreferrer"
wanderlog.com,https://wanderlog.com/drive/between/10876/9679/uppsala-to-tallinn-drive,http://www.laitseloss.ee/,http://www.laitseloss.ee/,True,65,0,US,en,False,2022-11-14 03:12:58 +00:00,2026-01-27 11:10:10 +00:00,0,unknown,noopener
majoitumukavasti.travel.blog,https://majoitumukavasti.travel.blog/2020/01/07/laitsen-linna-harjumaa/,https://www.laitseloss.ee/home/,kotisivu,True,65,0,,fi,False,2021-09-28 02:45:02 +00:00,2026-01-06 13:22:11 +00:00,20,"cms, blogs",
www.viroweb.fi,https://www.viroweb.fi/harjumaa/de.asp?ID=gasthof,https://www.laitseloss.ee/,,True,64,0,FI,,False,2023-05-07 23:47:49 +00:00,2026-03-02 04:17:53 +00:00,35,unknown,
visitestonia.com,https://visitestonia.com/fi/lumoava-murhamysteeri-ja-illallinen-laitsen-linnassa,https://www.laitseloss.ee/murder-mystery/,Homepage,True,64,0,WW,fi,False,2025-04-10 11:33:49 +00:00,2026-01-29 05:31:30 +00:00,0,unknown,
wanderlog.com,https://wanderlog.com/drive/between/9965/9667/tartu-to-helsinki-drive,http://www.laitseloss.ee/,http://www.laitseloss.ee/,True,64,0,US,en,False,2023-01-09 23:00:20 +00:00,2026-01-07 07:00:49 +00:00,0,unknown,noopener
wanderlog.com,https://wanderlog.com/drive/between/11495/9679/kuressaare-to-tallinn-drive,http://www.laitseloss.ee/,http://www.laitseloss.ee/,True,64,0,US,en,False,2023-09-24 01:00:35 +00:00,2026-01-06 19:41:51 +00:00,0,unknown,noopener
visitestonia.com,https://visitestonia.com/de/schloss-laitz,https://www.laitseloss.ee/home,Homepage,True,64,0,WW,de,False,2025-04-17 12:26:34 +00:00,2025-12-19 02:37:59 +00:00,0,unknown,
www.viroweb.fi,https://www.viroweb.fi/de/de.asp?page=4&ID=gasthof,https://www.laitseloss.ee/,,True,63,0,FI,,False,2025-12-27 08:44:54 +00:00,2025-12-27 08:44:54 +00:00,25,unknown,
www.viroweb.fi,https://www.viroweb.fi/de/de.asp?page=26&luokka=unterkunft,https://www.laitseloss.ee/,,True,63,0,FI,,False,2025-12-27 08:39:11 +00:00,2025-12-27 08:39:11 +00:00,25,unknown,
www.viroweb.fi,https://www.viroweb.fi/harjumaa/estland.asp?ID=v%C3%A4rdshus&luokka=inkvartering,http://www.laitseloss.ee/,,True,63,0,FI,,False,2023-05-07 17:02:56 +00:00,2025-12-27 02:38:51 +00:00,35,unknown,
www.viroweb.fi,https://www.viroweb.fi/estland/estland.asp?luokka=inkvartering&ID=v%C3%A4rdshus&page=4,http://www.laitseloss.ee/,,True,63,0,FI,,False,2023-05-07 13:37:36 +00:00,2025-12-26 18:40:18 +00:00,35,unknown,
www.viroweb.fi,https://www.viroweb.fi/harjumaa/estland.asp?luokka=inkvartering&ID=v%C3%A4rdshus,http://www.laitseloss.ee/,,True,63,0,FI,,False,2023-05-07 13:35:53 +00:00,2025-12-26 18:39:21 +00:00,35,unknown,
www.viroweb.fi,https://www.viroweb.fi/estland/estland.asp?luokka=inkvartering&page=26,http://www.laitseloss.ee/,,True,63,0,FI,,False,2025-05-04 09:32:49 +00:00,2025-12-26 15:13:31 +00:00,35,unknown,
de.wikiup.org,https://de.wikiup.org/wiki/Kernu,http://www.laitseloss.ee/flash/,Gutshaus Laitse,False,63,0,DE,de,False,2023-04-14 00:59:51 +00:00,2025-07-05 03:20:00 +00:00,5,wikis,nofollow
puhkaeestis.ee,https://puhkaeestis.ee/et/glamuurne-morvamusteerium-koos-ohtusoogiga-laitse-lossis,https://www.laitseloss.ee/morvamusteerium/,Koduleht,True,62,0,EE,et,False,2026-02-07 21:23:55 +00:00,2026-03-12 09:44:26 +00:00,0,unknown,
puhkaeestis.ee,https://puhkaeestis.ee/et/restoran-pada-pott,https://www.laitseloss.ee/avaleht/,Koduleht,True,62,11,EE,et,False,2026-02-07 21:27:11 +00:00,2026-03-12 09:44:18 +00:00,0,unknown,
puhkaeestis.ee,https://puhkaeestis.ee/et/laitse-loss,https://www.laitseloss.ee/avaleht,Koduleht,True,62,0,EE,et,False,2024-05-28 17:18:22 +00:00,2026-03-12 09:25:57 +00:00,0,unknown,
wanderlog.com,https://wanderlog.com/drive/between/10295/9667/pskov-to-helsinki-drive,http://www.laitseloss.ee/,http://www.laitseloss.ee/,True,62,0,US,en,False,2023-05-07 09:21:16 +00:00,2025-11-23 10:55:33 +00:00,0,unknown,noopener
tury.ru,https://tury.ru/sight/id/23157-zamok-laytse-23157,http://www.laitseloss.ee/,,True,61,0,RU,ru,False,2025-10-28 23:00:13 +00:00,2026-01-30 13:13:52 +00:00,0,unknown,
annaabi.ee,https://annaabi.ee/laitse-mois-m131658.html,https://www.laitseloss.ee/et/,https://www.laitseloss.ee/et/,True,60,0,EE,et,False,2024-04-30 07:32:22 +00:00,2026-02-25 07:10:31 +00:00,0,organization,"ugc, noopener"
www.campasimpukka.fi,https://www.campasimpukka.fi/2022/03/puolet-matkasta-haapsalusta-parnuun.html,https://www.laitseloss.ee/history/,Laitsen kartanon sivuilta,True,60,28,FI,,False,2022-05-04 02:28:26 +00:00,2026-01-05 17:53:25 +00:00,30,blogs,
onlineexpo.com,https://onlineexpo.com/en/work-for-ukraininas-in-estonia/employers/laitse-loss-ou/,https://www.laitseloss.ee/home,www.laitseloss.ee,True,60,0,UA,en,False,2022-04-04 17:02:21 +00:00,2025-03-07 03:49:58 +00:00,0,unknown,
www.reisijutud.com,https://www.reisijutud.com/moisad,http://www.laitseloss.ee/,Laitse loss,True,59,0,,et,False,2019-03-24 03:41:45 +00:00,2026-03-18 00:54:33 +00:00,0,unknown,
www.campasimpukka.fi,https://www.campasimpukka.fi/2018/08/friikkireissulla-osa-1.html,https://www.laitseloss.ee/home/,Paikan omilta sivuilta,False,59,23,FI,,False,2023-10-18 01:19:10 +00:00,2026-03-13 12:06:24 +00:00,15,blogs,nofollow
www.reisijutud.com,https://www.reisijutud.com/index.php/en/node/390,http://www.laitseloss.ee/,Laitse loss,True,59,0,,en,False,2019-05-20 15:17:00 +00:00,2026-03-08 09:01:28 +00:00,0,unknown,
www.reisijutud.com,https://www.reisijutud.com/en/node/390,http://www.laitseloss.ee/,Laitse loss,True,59,0,,en,False,2019-07-19 23:23:16 +00:00,2026-03-08 08:50:29 +00:00,0,unknown,
reisijutud.com,https://reisijutud.com/index.php/moisad,http://www.laitseloss.ee/,Laitse loss,True,59,0,,et,False,2021-05-05 22:45:27 +00:00,2026-03-08 06:51:53 +00:00,0,unknown,
reisijutud.com,https://reisijutud.com/moisad,http://www.laitseloss.ee/,Laitse loss,True,59,0,,et,False,2021-05-05 21:33:07 +00:00,2026-03-08 06:47:34 +00:00,0,unknown,
www.reisijutud.com,https://www.reisijutud.com/node/390,http://www.laitseloss.ee/,Laitse loss,True,59,1,,et,False,2022-01-10 06:49:32 +00:00,2026-03-05 07:20:37 +00:00,0,unknown,
www.reisijutud.com,https://www.reisijutud.com/index.php/moisad,http://www.laitseloss.ee/,Laitse loss,True,59,0,,et,False,2019-06-18 13:30:59 +00:00,2026-03-02 14:35:12 +00:00,0,unknown,
reisijutud.com,https://reisijutud.com/index.php/en/node/390,http://www.laitseloss.ee/,Laitse loss,True,59,0,,en,False,2021-11-05 15:58:56 +00:00,2026-02-19 09:17:37 +00:00,0,unknown,
reisijutud.com,https://reisijutud.com/en/node/390,http://www.laitseloss.ee/,Laitse loss,True,59,0,,en,False,2021-11-07 00:30:44 +00:00,2026-02-19 04:08:24 +00:00,0,unknown,
reisijutud.com,https://reisijutud.com/node/390,http://www.laitseloss.ee/,Laitse loss,True,59,0,,et,False,2021-05-13 16:12:49 +00:00,2026-02-18 16:56:58 +00:00,0,unknown,
www.ezilon.com,https://www.ezilon.com/regional/estonia/travel/travel_destination/index.shtml,https://www.laitseloss.ee/homepage,Laitse Loss,True,59,0,WW,en,False,2024-04-10 12:34:22 +00:00,2026-02-02 03:18:56 +00:00,15,unknown,
dewiki.de,https://dewiki.de/Lexikon/Kernu,http://www.laitseloss.ee/flash/,Gutshaus Laitse,False,59,0,DE,de,False,2022-02-17 05:27:39 +00:00,2025-11-20 13:43:50 +00:00,15,unknown,nofollow
www.campasimpukka.fi,https://www.campasimpukka.fi/search?updated-max=2018-08-21T06:51:00-07:00&max-results=8&reverse-paginate=true,https://www.laitseloss.ee/home/,Paikan omilta sivuilta,False,59,0,FI,,False,2025-09-07 18:08:57 +00:00,2025-09-07 18:08:57 +00:00,65,blogs,nofollow
drjack.world,https://drjack.world/report/47784,https://laitseloss.ee/,laitseloss.ee,False,58,0,,en,False,2025-11-25 20:11:48 +00:00,2026-02-11 19:29:32 +00:00,50,unknown,nofollow
forum.awd.ru,https://forum.awd.ru/viewtopic.php?f=1530&t=351394,https://www.laitseloss.ee/glavnaja-stranica,официальную страничку,True,58,0,RU,ru,False,2019-02-22 02:40:28 +00:00,2026-01-18 23:50:49 +00:00,0,organization,ugc
forum.awd.ru,https://forum.awd.ru/viewtopic.php?f=1527&t=374962,https://www.laitseloss.ee/glavnaja-stranica,https://www.laitseloss.ee/glavnaja-stranica,True,58,0,RU,ru,False,2022-06-29 18:07:22 +00:00,2026-01-18 10:13:45 +00:00,0,organization,ugc
forum.awd.ru,https://forum.awd.ru/viewtopic.php?f=1527&t=308308,https://www.laitseloss.ee/glavnaja-stranica/,https://www.laitseloss.ee/glavnaja-stranica/,True,58,0,RU,ru,False,2025-11-18 00:18:14 +00:00,2026-01-16 23:23:37 +00:00,0,organization,ugc
wiki2.org,https://wiki2.org/ru/%D0%9B%D0%B0%D0%B9%D1%86,https://www.laitseloss.ee/ajalugu/,Ajalugu,False,57,0,UA,ru,False,2026-01-01 10:36:09 +00:00,2026-01-01 10:36:09 +00:00,0,unknown,nofollow
wiki2.org,https://wiki2.org/ru/%D0%9B%D0%B0%D0%B9%D1%86,https://www.laitseloss.ee/avaleht/,Avaleht,False,57,0,UA,ru,False,2026-01-01 10:36:09 +00:00,2026-01-01 10:36:09 +00:00,0,unknown,nofollow
wiki2.org,https://wiki2.org/ru/%D0%9B%D0%B0%D0%B9%D1%86,https://www.laitseloss.ee/glavnaja-stranica,laitseloss.ee/glavnaja-s…,False,57,0,UA,ru,False,2026-01-01 10:36:09 +00:00,2026-01-01 10:36:09 +00:00,0,unknown,nofollow
forum.awd.ru,https://forum.awd.ru/viewtopic.php?f=1527&t=308308&start=20,https://www.laitseloss.ee/glavnaja-stranica/,https://www.laitseloss.ee/glavnaja-stranica/,True,57,0,RU,ru,False,2022-06-29 18:06:44 +00:00,2025-07-10 08:57:52 +00:00,0,unknown,ugc
www.namecontainer.com,https://www.namecontainer.com/website-list-1604/,https://laitseloss.ee/,laitseloss,True,56,0,,,False,2025-05-29 07:46:21 +00:00,2025-05-29 07:46:21 +00:00,40,"cms, blogs",noopener
www.travelsafe-abroad.com,https://www.travelsafe-abroad.com/castles-in-estonia/,https://www.laitseloss.ee/,The Laitse Castle,True,55,0,US,en,False,2022-12-07 02:29:25 +00:00,2025-05-24 15:11:17 +00:00,0,organization,noopener
wayranks.com,https://wayranks.com/mlm-vs-affiliate-marketing-which-is-best-for-your-home-based-business-1604/,https://laitseloss.ee/,laitseloss,True,53,0,DE,,False,2024-07-24 05:17:31 +00:00,2026-01-14 20:14:04 +00:00,50,"cms, blogs, organization",
articlement.com,https://articlement.com/advantageous-online-marketing-fit-for-small-enterprises-215/,https://laitseloss.ee/,laitseloss,True,52,0,,,False,2024-05-28 00:27:59 +00:00,2026-03-05 07:39:13 +00:00,65,"cms, blogs",
de.wiki.li,https://de.wiki.li/Kernu,http://www.laitseloss.ee/flash/,Gutshaus Laitse,True,51,0,LI,de,False,2023-09-05 08:52:00 +00:00,2026-02-01 17:47:42 +00:00,10,unknown,
bye.fyi,https://bye.fyi/report/47783,https://laitseloss.ee/,laitseloss.ee,False,49,0,,en,False,2026-03-15 17:34:02 +00:00,2026-03-15 17:34:02 +00:00,50,unknown,nofollow
www.mois.ee,https://www.mois.ee/english/harju/laitse.shtml,http://www.laitseloss.ee/,http://www.laitseloss.ee,True,48,0,EE,,False,2025-12-18 08:23:16 +00:00,2026-03-25 18:10:25 +00:00,10,unknown,
www.mois.ee,https://www.mois.ee/deutsch/harju/laitse.shtml,http://www.laitseloss.ee/,http://www.laitseloss.ee,True,48,0,EE,,False,2025-12-18 11:48:37 +00:00,2026-03-25 16:24:32 +00:00,15,unknown,
webscountry.com,https://webscountry.com/advantageous-online-marketing-fit-for-small-enterprises-215/,https://laitseloss.ee/,laitseloss,True,48,0,,,False,2025-06-22 14:45:04 +00:00,2026-02-19 10:35:21 +00:00,65,"cms, blogs",
quero.party,https://quero.party/report/47784,https://laitseloss.ee/,laitseloss.ee,False,48,0,,en,False,2025-11-16 05:30:38 +00:00,2026-01-24 19:01:46 +00:00,50,unknown,nofollow
mois.ee,https://mois.ee/deutsch/harju/laitse.shtml,http://www.laitseloss.ee/,http://www.laitseloss.ee,True,47,0,EE,,False,2025-12-07 12:17:17 +00:00,2026-01-09 06:14:08 +00:00,15,unknown,
mois.ee,https://mois.ee/english/harju/laitse.shtml,http://www.laitseloss.ee/,http://www.laitseloss.ee,True,47,0,EE,,False,2025-12-07 11:39:14 +00:00,2026-01-09 05:50:34 +00:00,10,unknown,
quero.party,https://quero.party/report/47783,https://laitseloss.ee/,laitseloss.ee,False,46,0,,en,False,2026-03-15 21:41:38 +00:00,2026-03-15 21:41:38 +00:00,50,unknown,nofollow
bonbonlingerie.com,https://bonbonlingerie.com/en-de/blogs/uudised/noid-nastja-maagilistest-naistest-hirmudest-ja-enesekindlusest,https://www.laitseloss.ee/,Laitse Loss,True,46,0,US,en,False,2024-01-14 04:35:16 +00:00,2026-03-07 20:25:53 +00:00,0,organization,
bonbonlingerie.com,https://bonbonlingerie.com/en-de/blogs/news/witch-nastja-about-magical-women-fears-and-confidence,https://www.laitseloss.ee/,Laitse Loss,True,46,0,US,en,False,2024-01-14 04:26:59 +00:00,2026-03-07 16:57:12 +00:00,0,organization,"noopener, noreferrer"
bonbonlingerie.com,https://bonbonlingerie.com/blogs/uudised/noid-nastja-maagilistest-naistest-hirmudest-ja-enesekindlusest,https://www.laitseloss.ee/,Laitse Loss,True,46,0,US,en,False,2023-10-26 10:50:21 +00:00,2026-02-13 00:22:25 +00:00,0,organization,
bonbonlingerie.com,https://bonbonlingerie.com/blogs/news/witch-nastja-about-magical-women-fears-and-confidence,https://www.laitseloss.ee/,Laitse Loss,True,46,0,US,en,False,2023-10-26 10:32:49 +00:00,2026-02-12 13:47:06 +00:00,0,organization,"noopener, noreferrer"
bonbonlingerie.com,https://bonbonlingerie.com/et/blogs/news/witch-nastja-about-magical-women-fears-and-confidence,https://www.laitseloss.ee/,Laitse Loss,True,46,0,US,et,False,2023-10-08 14:59:19 +00:00,2025-11-17 11:55:10 +00:00,0,organization,"noopener, noreferrer"
bonbonlingerie.com,https://bonbonlingerie.com/et/blogs/uudised/noid-nastja-maagilistest-naistest-hirmudest-ja-enesekindlusest,https://www.laitseloss.ee/,Laitse Loss,True,46,0,US,et,False,2023-10-06 01:01:06 +00:00,2025-10-23 08:11:46 +00:00,0,organization,
shortenurls.eu,https://shortenurls.eu/share/47784,https://laitseloss.ee/,laitseloss.ee,False,44,0,,en,False,2026-01-23 20:14:56 +00:00,2026-03-02 21:59:11 +00:00,50,unknown,nofollow
shortenurls.eu,https://shortenurls.eu/share/47783,https://laitseloss.ee/,laitseloss.ee,False,44,0,,en,False,2026-02-24 18:14:03 +00:00,2026-02-24 18:14:03 +00:00,50,unknown,nofollow
odp.org,http://odp.org/Regional/Europe/Estonia/Harjumaa/Kernu/,http://www.laitseloss.ee/,Laitse Loss,True,44,0,US,en,False,2022-03-17 21:34:09 +00:00,2026-02-23 19:09:55 +00:00,50,unknown,
odp.org,http://odp.org/Regional/Europe/Estonia/Harjumaa/Kernu,http://www.laitseloss.ee/,Laitse Loss,True,44,0,US,en,False,2022-03-17 21:44:07 +00:00,2026-02-23 19:03:54 +00:00,50,unknown,
www.odp.org,http://www.odp.org/Regional/Europe/Estonia/Harjumaa/Kernu,http://www.laitseloss.ee/,Laitse Loss,True,44,0,WW,en,False,2022-03-27 08:50:27 +00:00,2026-02-15 05:29:07 +00:00,50,unknown,
www.odp.org,http://www.odp.org/Regional/Europe/Estonia/Harjumaa/Kernu/,http://www.laitseloss.ee/,Laitse Loss,True,44,0,WW,en,False,2022-03-27 06:54:31 +00:00,2026-02-03 20:25:03 +00:00,50,unknown,
webranksdirectory.com,https://webranksdirectory.com/seo-strategy-choosing-the-right-one-for-your-business-can-be-tricky/,https://laitseloss.ee/,laitseloss,True,43,0,,en,False,2025-06-30 23:05:58 +00:00,2026-03-16 01:27:22 +00:00,80,"cms, blogs",noopener
www.nordisch.info,https://www.nordisch.info/estland/durch-corona-nicht-an-attraktivitaet-verloren/,https://www.laitseloss.ee/uksinda-lossis,Allein im Schloss,False,43,0,DE,de,False,2021-05-14 17:08:16 +00:00,2026-01-27 22:10:03 +00:00,0,organization,"noopener, nofollow, noreferrer"
www.geopeitus.ee,https://www.geopeitus.ee/aare/6115,https://www.laitseloss.ee/ajalugu/,https://www.laitseloss.ee/ajalugu/,True,43,0,EE,et,False,2025-05-07 15:49:10 +00:00,2025-08-13 15:41:41 +00:00,0,unknown,
webranksdirectory.com,http://webranksdirectory.com/seo-strategy-choosing-the-right-one-for-your-business-can-be-tricky/,https://laitseloss.ee/,laitseloss,True,42,0,,en,False,2025-05-21 22:22:39 +00:00,2026-03-12 23:47:16 +00:00,100,"cms, blogs",noopener
screenshots.wiki,https://screenshots.wiki/report/47783,https://laitseloss.ee/,laitseloss.ee,False,42,0,,en,False,2026-01-28 02:42:09 +00:00,2026-03-12 17:02:10 +00:00,50,unknown,nofollow
backlinktime.com,https://backlinktime.com/seo-strategy-choosing-the-right-one-for-your-business-can-be-tricky/,https://laitseloss.ee/,laitseloss,True,42,0,,en,False,2025-05-28 20:35:58 +00:00,2026-01-17 21:16:21 +00:00,70,"cms, blogs",noopener
edasi.org,https://edasi.org/18122/edasi-kultuurisoovitused-detsembriks/,https://www.laitseloss.ee/morvamusteerium,Vaata edasi…,True,42,0,WW,et,False,2026-01-16 01:23:50 +00:00,2026-01-16 01:23:50 +00:00,0,"cms, blogs, organization",noopener
kurinurm.blogspot.com,http://kurinurm.blogspot.com/2007/,http://www.laitseloss.ee/,Laitse lossi,True,42,0,,,False,2023-10-13 07:44:09 +00:00,2025-12-02 03:58:28 +00:00,55,blogs,
linkpitcherdirectory.com,https://linkpitcherdirectory.com/website-list-1604/,https://laitseloss.ee/,laitseloss,True,42,0,,,False,2025-07-29 23:12:40 +00:00,2025-07-29 23:12:40 +00:00,50,"cms, blogs",noopener
forum.ee,https://forum.ee/t46434/podgotovka-k-svadbe/page-57,http://laitseloss.ee/,http://laitseloss.ee,False,41,0,EE,en,False,2026-01-21 19:29:59 +00:00,2026-03-09 04:38:11 +00:00,0,unknown,"nofollow, external"
kurinurm.blogspot.com,http://kurinurm.blogspot.com/2007/05/,http://www.laitseloss.ee/,Laitse lossi,True,41,0,,,False,2023-10-04 18:33:28 +00:00,2026-03-07 11:48:22 +00:00,35,blogs,
forum.ee,https://forum.ee/t232768/banketnie-zali-i-katering/page-10,http://www.laitseloss.ee/flash/,http://www.laitseloss.ee/flash/,False,41,0,EE,en,False,2026-01-20 22:08:28 +00:00,2026-03-06 10:24:41 +00:00,5,unknown,"nofollow, external"
forum.ee,https://forum.ee/t61601/svadba-i-finansi/page-12,http://laitseloss.ee/,http://laitseloss.ee,False,41,0,EE,en,False,2026-02-10 09:16:46 +00:00,2026-02-10 09:16:46 +00:00,10,unknown,"nofollow, external"
kurinurm.blogspot.com,http://kurinurm.blogspot.com/2007/05/laitse-loss.html,http://www.laitseloss.ee/,Laitse lossi,True,41,0,,,False,2023-10-13 07:50:46 +00:00,2025-12-29 23:00:18 +00:00,40,blogs,
visitharju.ee,https://visitharju.ee/lv/laitses-pils/,https://www.laitseloss.ee/home,Homepage,False,40,0,EE,lv,False,2026-02-25 02:44:12 +00:00,2026-03-07 21:46:58 +00:00,0,"cms, blogs, organization",nofollow
visitharju.ee,https://visitharju.ee/de/schloss-laitz/,https://www.laitseloss.ee/home,Webseite,False,40,0,EE,de,False,2026-02-25 03:19:46 +00:00,2026-02-25 03:19:46 +00:00,0,"cms, blogs, organization",nofollow
visitharju.ee,https://visitharju.ee/de/glamouroses-krimi-dinner-auf-schloss-laitz-2/,https://www.laitseloss.ee/murder-mystery/,Webseite,False,39,0,EE,de,False,2026-03-25 03:04:58 +00:00,2026-03-25 03:04:58 +00:00,0,"cms, blogs, organization",nofollow
visitharju.ee,https://visitharju.ee/de/harjumaa/essen-trinken/,https://www.laitseloss.ee/murder-mystery/,Webseite,False,39,0,EE,de,False,2026-03-25 03:03:41 +00:00,2026-03-25 03:03:41 +00:00,0,"cms, blogs, organization",nofollow
visitharju.ee,https://visitharju.ee/lumoava-murhamysteeri-ja-illallinen-laitsen-linnassa/,https://www.laitseloss.ee/morvamusteerium/,Koduleht,False,39,0,EE,et,False,2026-03-24 19:18:16 +00:00,2026-03-24 19:18:16 +00:00,0,"cms, blogs, organization",nofollow
visitharju.ee,https://visitharju.ee/glamuurne-morvamusteerium-koos-ohtusoogiga-laitse-lossis/,https://www.laitseloss.ee/morvamusteerium/,Koduleht,False,39,0,EE,et,False,2026-03-19 11:10:32 +00:00,2026-03-24 19:17:06 +00:00,0,"cms, blogs, organization",nofollow
visitharju.ee,https://visitharju.ee/fi/lumoava-murhamysteeri-ja-illallinen-laitsen-linnassa-2/,https://www.laitseloss.ee/morvamusteerium/,Kotisivu,False,39,0,EE,fi,False,2026-03-24 19:10:13 +00:00,2026-03-24 19:10:13 +00:00,0,"cms, blogs, organization",nofollow
www.visitharju.ee,https://www.visitharju.ee/fi/harjumaa/ruokailu/,https://www.laitseloss.ee/murder-mystery/,Kotisivu,False,39,0,EE,fi,False,2026-03-24 19:06:13 +00:00,2026-03-24 19:06:13 +00:00,0,"cms, blogs, organization",nofollow
www.visitharju.ee,https://www.visitharju.ee/en/laitse-castle/,https://www.laitseloss.ee/home,Homepage,False,39,0,EE,en,False,2026-03-24 17:39:37 +00:00,2026-03-24 17:39:37 +00:00,0,"cms, blogs, organization",nofollow
visitharju.ee,https://visitharju.ee/en/a-glamorous-murder-mystery-dinner-at-laitse-castle/,https://www.laitseloss.ee/morvamusteerium/,Homepage,False,39,0,EE,en,False,2026-02-25 02:27:02 +00:00,2026-03-24 17:30:26 +00:00,0,"cms, blogs, organization",nofollow
visitharju.ee,https://visitharju.ee/de/glamouroses-krimi-dinner-auf-schloss-laitz/,https://www.laitseloss.ee/morvamusteerium/,Webseite,False,39,0,EE,de,False,2026-03-24 04:06:15 +00:00,2026-03-24 04:06:15 +00:00,0,"cms, blogs, organization",nofollow
visitharju.ee,https://visitharju.ee/de/harjumaa/essen-trinken/erlebniscatering-und-workshops/,https://www.laitseloss.ee/murder-mystery/,Webseite,False,39,0,EE,de,False,2026-03-07 21:48:54 +00:00,2026-03-24 04:04:17 +00:00,0,"cms, blogs, organization",nofollow
www.visitharju.ee,https://www.visitharju.ee/harjumaa/sook-ja-jook/elamustoitlustus/,https://www.laitseloss.ee/morvamusteerium/,Koduleht,False,39,0,EE,et,False,2026-03-24 04:02:56 +00:00,2026-03-24 04:02:56 +00:00,0,"cms, blogs, organization",nofollow
www.visitharju.ee,https://www.visitharju.ee/de/schloss-laitz/,https://www.laitseloss.ee/home,Webseite,False,39,0,EE,de,False,2026-03-19 11:29:03 +00:00,2026-03-19 11:29:03 +00:00,0,"cms, blogs, organization",nofollow
www.visitharju.ee,https://www.visitharju.ee/de/glamouroses-krimi-dinner-auf-schloss-laitz/,https://www.laitseloss.ee/murder-mystery/,Webseite,False,39,0,EE,de,False,2026-03-19 11:24:58 +00:00,2026-03-19 11:24:58 +00:00,0,"cms, blogs, organization",nofollow
visitharju.ee,https://visitharju.ee/restoran-pada-pott/,https://www.laitseloss.ee/avaleht/,Koduleht,False,39,0,EE,et,False,2026-02-25 02:50:30 +00:00,2026-03-19 11:15:13 +00:00,0,"cms, blogs, organization",nofollow
visitharju.ee,https://visitharju.ee/harjumaa/sook-ja-jook/elamustoitlustus/,https://www.laitseloss.ee/morvamusteerium/,Koduleht,False,39,0,EE,et,False,2026-03-12 09:21:49 +00:00,2026-03-19 11:06:08 +00:00,0,"cms, blogs, organization",nofollow
www.gloss.ee,https://www.gloss.ee/2021/01/07/neobychnyy-dosug-v-haryyumaa-nochy-v-zamke-v-polnom-odinochestve-pochti/,https://www.laitseloss.ee/uksinda-lossis/?fbclid=IwAR2-jlaZpVehgmuSadrgI7t6KMnpFVdXgLQgYAnegPsDRmsg_z0v6m0AN8w,ЗДЕСЬ,True,39,0,EE,ru,False,2025-02-01 18:21:20 +00:00,2026-03-19 05:04:05 +00:00,5,"cms, blogs, organization",
www.gloss.ee,https://www.gloss.ee/2021/04/25/otdohnuty-po-korolevski-barbekyu-vecherinka-v-zamke-laytse-tolyko-dlya-vas-i-vashih-druzey/,https://www.laitseloss.ee/uksinda-lossis-grillihooaja-eri?fbclid=IwAR1-xgD-ABJlxsanHkz21FXQiYvezWY1vIZLKE5r-z2Hh3DhurEVPPcJgeM,ЗДЕСЬ,True,39,0,EE,ru,False,2025-02-01 09:36:53 +00:00,2026-03-19 05:01:05 +00:00,5,"cms, blogs, organization",
www.gloss.ee,https://www.gloss.ee/2020/07/11/24-mesta-dlya-zagorodnogo-otdyha-v-okrestnostyah-tallinna/,https://www.laitseloss.ee/glavnaja-stranica,замок Лайтсе,True,39,0,EE,ru,False,2025-02-01 04:28:19 +00:00,2026-03-19 04:57:19 +00:00,0,"cms, blogs, organization",
visitharju.ee,https://visitharju.ee/fi/laitsen-linna/,https://www.laitseloss.ee/avaleht,Kotisivu,False,39,0,EE,fi,False,2026-01-06 15:02:06 +00:00,2026-03-13 04:35:56 +00:00,0,"cms, blogs, organization",nofollow
visitharju.ee,https://visitharju.ee/fi/lumoava-murhamysteeri-ja-illallinen-laitsen-linnassa/,https://www.laitseloss.ee/morvamusteerium/,Kotisivu,False,39,0,EE,fi,False,2026-02-18 17:26:30 +00:00,2026-03-13 04:24:51 +00:00,0,"cms, blogs, organization",nofollow
visitharju.ee,https://visitharju.ee/fi/harjumaa/ruokailu/elamysruokailu-ja-tyopajat/,https://www.laitseloss.ee/murder-mystery/,Kotisivu,False,39,0,EE,fi,False,2026-02-18 16:05:54 +00:00,2026-03-13 04:18:52 +00:00,0,"cms, blogs, organization",nofollow
visitharju.ee,https://visitharju.ee/en/harjumaa/food-drink/cookout-workshops/,https://www.laitseloss.ee/murder-mystery/,Homepage,False,39,0,EE,en,False,2026-02-18 11:53:35 +00:00,2026-03-13 03:25:18 +00:00,0,"cms, blogs, organization",nofollow
visitharju.ee,https://visitharju.ee/laitse-loss/,https://www.laitseloss.ee/avaleht,Koduleht,False,39,0,EE,et,False,2026-01-14 14:28:37 +00:00,2026-03-12 09:50:40 +00:00,0,"cms, blogs, organization",nofollow
www.gloss.ee,https://www.gloss.ee/2021/08/16/20-neobychnyh-razvlecheniy-v-estonii-kotorye-stoit-poprobovaty-do-nastuplenia-zimy/,https://www.laitseloss.ee/uksinda-lossis/?fbclid=IwAR2-jlaZpVehgmuSadrgI7t6KMnpFVdXgLQgYAnegPsDRmsg_z0v6m0AN8w,Подробнее…,True,39,0,EE,ru,False,2025-02-01 18:27:24 +00:00,2026-03-03 19:01:11 +00:00,5,"cms, blogs, organization",
www.visitharju.ee,https://www.visitharju.ee/lv/glamura-slepkavibu-misterija-ar-vakarinam-laitses-pili/,https://www.laitseloss.ee/morvamusteerium/,Homepage,False,39,0,EE,lv,False,2026-02-18 12:35:15 +00:00,2026-02-18 12:35:15 +00:00,0,"cms, blogs, organization",nofollow
www.visitharju.ee,https://www.visitharju.ee/de/gutshof-laitse-dt-laitz/,https://www.laitseloss.ee/avaleht,https://www.laitseloss.ee/avaleht,True,39,0,EE,de,False,2026-01-06 13:58:01 +00:00,2026-01-25 09:18:50 +00:00,0,"cms, blogs, organization",
visitharju.ee,https://visitharju.ee/lv/glamura-slepkavibu-misterija-ar-vakarinam-laitses-pili/,https://www.laitseloss.ee/morvamusteerium/,https://www.laitseloss.ee/morvamusteerium/,True,39,0,EE,lv,False,2025-12-08 06:21:04 +00:00,2026-01-25 07:48:20 +00:00,0,"cms, blogs, organization",
www.gloss.ee,https://www.gloss.ee/2021/03/12/chem-zanyatysya-v-tallinne-i-ne-tolyko-vo-vremya-lokdauna-14-sposobov-ne-narushayushtih-ogranichenia/,https://www.laitseloss.ee/ves-zamok-tvoi-ul/,ЗДЕСЬ,True,39,0,EE,ru,False,2025-02-07 09:01:24 +00:00,2025-12-05 17:51:17 +00:00,5,"cms, blogs, organization",
kunstikoolid.ee,https://kunstikoolid.ee/eesti-kunstikoolide-liidu-inspiratsioonipaevad-tulevad-taas/,https://www.laitseloss.ee/,Laitse loss,True,38,0,EE,et,False,2026-02-19 16:06:18 +00:00,2026-02-19 16:06:18 +00:00,0,"cms, blogs",noopener
kunstikoolid.ee,https://kunstikoolid.ee/eesti-kunstikoolide-liidu-inspiratsioonipaevade-programm/,https://www.laitseloss.ee/,Laitse loss,True,38,0,EE,et,False,2026-02-19 10:01:05 +00:00,2026-02-19 10:01:05 +00:00,0,"cms, blogs",noopener
global-rank.pages.dev,https://global-rank.pages.dev/04/hGvOvZhpUf,https://laitseloss.ee/,laitseloss.ee,False,36,0,,,False,2025-06-11 23:36:58 +00:00,2026-03-24 18:27:02 +00:00,35,unknown,"noopener, noreferrer, nofollow"
flavoursofestonia.com,https://flavoursofestonia.com/klubi/maitsenadal-9-15-aprill/,https://www.laitseloss.ee/morvamusteerium,Laitse lossi,True,36,0,WW,et,False,2022-12-06 17:05:55 +00:00,2026-01-14 23:46:55 +00:00,0,"cms, blogs",
www.mobilewitch.com,https://www.mobilewitch.com/website-list-1604/,https://laitseloss.ee/,laitseloss,True,36,0,,,False,2025-05-30 13:12:48 +00:00,2025-05-30 13:12:48 +00:00,30,"cms, blogs",noopener
linkpointdirectory.com,https://linkpointdirectory.com/most-visited-website-list-1604/,https://laitseloss.ee/,laitseloss,True,35,0,,,False,2026-01-06 11:02:07 +00:00,2026-01-06 11:02:07 +00:00,65,"cms, blogs",noopener
kuduvkoeraomanik.blogspot.com,https://kuduvkoeraomanik.blogspot.com/2006/10/,http://www.laitseloss.ee/flash/,Laitse lossis,True,35,0,,et,False,2023-10-20 05:43:07 +00:00,2025-12-27 14:15:51 +00:00,25,blogs,
kuduvkoeraomanik.blogspot.com,https://kuduvkoeraomanik.blogspot.com/2006/10/vga-tore-pev-judsin-just-koju.html,http://www.laitseloss.ee/flash/,Laitse lossis,True,35,0,,et,False,2023-10-20 04:39:30 +00:00,2025-12-19 17:23:21 +00:00,30,blogs,
abcatering.ee,https://abcatering.ee/pulma-peopaigad-eestis/,https://www.laitseloss.ee/,www.laitseloss.ee,True,34,0,EE,et,False,2023-10-18 21:51:19 +00:00,2026-01-16 01:12:38 +00:00,0,"cms, blogs, organization",noopener
fastrankdirectory.com,https://fastrankdirectory.com/most-visited-website-list-1604/,https://laitseloss.ee/,laitseloss,True,34,0,,,False,2025-12-19 17:50:32 +00:00,2025-12-19 17:50:32 +00:00,65,"cms, blogs",noopener
www.nabookarts.com,https://www.nabookarts.com/website-list-1604/,https://laitseloss.ee/,laitseloss,True,34,0,,,False,2025-06-17 17:48:34 +00:00,2025-06-17 17:48:34 +00:00,40,"cms, blogs",noopener
prolinkbox.com,https://prolinkbox.com/boost-da-dr-tf-with-refill-guarantee-19654/,https://laitseloss.ee/,laitseloss.ee,False,34,0,,en,False,2025-04-19 05:41:06 +00:00,2025-04-19 05:41:06 +00:00,50,"cms, blogs",nofollow
arnomikkor.com,https://arnomikkor.com/pulmafoto/portfolio/lossipulm_laitses/,http://www.laitseloss.ee/et/,Laitse loss,True,33,0,EE,et,False,2025-04-15 11:36:06 +00:00,2026-03-25 07:51:47 +00:00,0,"cms, blogs, organization",
yelpdirectory.com,https://yelpdirectory.com/directory-website-list-1604-online-success-859/,https://laitseloss.ee/,laitseloss,True,33,0,,,False,2025-09-03 22:35:25 +00:00,2026-01-31 00:29:47 +00:00,30,"cms, blogs, organization",noopener
seobacklinkdirectory.com,https://seobacklinkdirectory.com/directory-website-list-1604-online-success-859/,https://laitseloss.ee/,laitseloss,True,33,0,,,False,2025-09-13 11:33:59 +00:00,2026-01-15 14:45:02 +00:00,50,"cms, blogs, organization",noopener
usaseodirectory.com,https://usaseodirectory.com/website-list-1604/,https://laitseloss.ee/,laitseloss,True,33,0,,,False,2025-07-31 14:58:18 +00:00,2025-07-31 14:58:18 +00:00,30,"cms, blogs, organization",noopener
seobacklinkdirectory.com,https://seobacklinkdirectory.com/website-list-1604/,https://laitseloss.ee/,laitseloss,True,33,0,,,False,2025-07-14 18:12:38 +00:00,2025-07-14 18:12:38 +00:00,40,"cms, blogs, organization",noopener
www.gatewaycatalog.com,https://www.gatewaycatalog.com/website-list-1604/,https://laitseloss.ee/,laitseloss,True,33,0,,,False,2025-06-28 11:13:57 +00:00,2025-06-28 11:13:57 +00:00,50,"cms, blogs",noopener
www.vgstravel.com,https://www.vgstravel.com/website-list-1604/,https://laitseloss.ee/,laitseloss,True,33,0,,,False,2025-05-30 07:17:46 +00:00,2025-05-30 07:17:46 +00:00,40,"cms, blogs",noopener
www.iaswww.com,https://www.iaswww.com/apr/Regional/Europe/Estonia/Harjumaa/Kernu/,http://www.laitseloss.ee/,Laitse Loss,False,32,0,WW,,False,2022-07-02 17:31:45 +00:00,2026-03-18 17:34:07 +00:00,0,unknown,nofollow
toitumistarkus.ee,https://toitumistarkus.ee/opituba-salativalmistamise-kunst-ja-teadus/,http://www.laitseloss.ee/et/mida-teha/kokanduse-meistriklass,Laitse Lossi köögisalongis,True,32,0,EE,et,False,2023-08-10 02:07:12 +00:00,2026-02-20 02:46:36 +00:00,0,unknown,
lahdentakana.blogspot.com,http://lahdentakana.blogspot.com/2009/04/,http://www.laitseloss.ee/,Laitsen linna,True,32,0,,fi,False,2023-10-04 19:22:38 +00:00,2026-02-19 07:55:21 +00:00,75,blogs,
www.para-web.org,https://www.para-web.org/showthread.php?tid=5556&page=4,http://www.laitseloss.ee/ajaluguEE.php,http://www.laitseloss.ee/ajaluguEE.php,True,32,0,,et,False,2026-02-10 06:34:22 +00:00,2026-02-10 06:34:22 +00:00,15,unknown,noopener
tsheburashka.blogspot.com,http://tsheburashka.blogspot.com/2008/01/,http://www.laitseloss.ee/,Laitse lossi restoran,True,32,0,,,False,2023-10-29 16:56:13 +00:00,2026-02-02 16:18:55 +00:00,90,blogs,
lahdentakana.blogspot.com,http://lahdentakana.blogspot.com/2009/04/laitsen-linnassa.html,http://www.laitseloss.ee/,Laitsen linna,True,32,0,,fi,False,2023-11-04 12:36:14 +00:00,2026-01-27 20:53:12 +00:00,30,blogs,
authorityprodirectory.com,https://authorityprodirectory.com/directory-website-list-1604/,https://laitseloss.ee/,laitseloss,True,32,0,,,False,2025-09-22 00:49:23 +00:00,2026-01-15 12:23:04 +00:00,40,"cms, blogs, organization",noopener
iasdirect.iaswww.com,http://iasdirect.iaswww.com/apr/Regional/Europe/Estonia/Harjumaa/Kernu/,http://www.laitseloss.ee/,Laitse Loss,False,32,0,,,False,2025-06-24 05:32:28 +00:00,2025-12-31 18:31:14 +00:00,30,unknown,nofollow
www.para-web.org,http://www.para-web.org/showthread.php?tid=5556&page=4,http://www.laitseloss.ee/ajaluguEE.php,http://www.laitseloss.ee/ajaluguEE.php,True,32,0,,et,False,2022-03-15 23:10:09 +00:00,2025-12-22 00:21:16 +00:00,45,unknown,noopener
tsheburashka.blogspot.com,http://tsheburashka.blogspot.com/2008/01/toredaid-kohti-kuhu-tasub-tagasi-minna.html,http://www.laitseloss.ee/,Laitse lossi restoran,True,32,0,,,False,2023-10-29 16:32:15 +00:00,2025-09-08 18:08:42 +00:00,90,blogs,
usaseodirectory.com,https://usaseodirectory.com/directory-website-list-1604-online-success-859/,https://laitseloss.ee/,laitseloss,True,31,0,,,False,2025-09-04 01:04:45 +00:00,2026-03-03 17:44:09 +00:00,40,"cms, blogs, organization",noopener
triptoestonia.ee,https://triptoestonia.ee/harjumaa/zamok-lajtse/,https://www.laitseloss.ee/glavnaja-stranica,laitseloss.ee,True,31,0,EE,ru,False,2024-12-10 04:17:11 +00:00,2026-01-30 10:14:04 +00:00,0,"cms, blogs, organization",noopener
topsiterankdirectory.com,https://topsiterankdirectory.com/directory-website-list-1604-online-success-859/,https://laitseloss.ee/,laitseloss,True,31,0,,,False,2025-09-04 06:03:47 +00:00,2026-01-24 22:26:15 +00:00,50,"cms, blogs, organization",noopener
powerlinkdirectory.com,https://powerlinkdirectory.com/directory-website-list-1604-online-success-859/,https://laitseloss.ee/,laitseloss,True,31,0,,,False,2025-10-14 00:24:21 +00:00,2026-01-23 17:04:26 +00:00,50,"cms, blogs, organization",noopener
yelpdirectory.com,https://yelpdirectory.com/website-list-1604/,https://laitseloss.ee/,laitseloss,True,31,0,,,False,2025-07-09 19:27:49 +00:00,2025-07-09 19:27:49 +00:00,30,"cms, blogs, organization",noopener
backlinkboostdirectory.com,https://backlinkboostdirectory.com/directory-website-list-1604-online-success-859/,https://laitseloss.ee/,laitseloss,True,30,0,,,False,2025-08-15 21:36:41 +00:00,2026-03-20 19:48:54 +00:00,50,"cms, blogs, organization",noopener
quicknode.quicknode-ipfs.com,https://quicknode.quicknode-ipfs.com/ipfs/QmXoypizjW3WknFiJnKLwHCnL72vedxjQkDDP1mXWo6uco/wiki/Laitse.html,http://www.laitseloss.ee/en/,Laitse manor official site,True,30,0,IN,,False,2026-01-07 09:37:34 +00:00,2026-03-19 11:06:32 +00:00,25,unknown,
ahrefs-links.com,https://ahrefs-links.com/directory-website-list-1604-online-success-859/,https://laitseloss.ee/,laitseloss,True,30,0,,,False,2025-10-29 02:58:47 +00:00,2026-03-17 16:51:19 +00:00,30,"cms, blogs, organization",noopener
triptoestonia.ee,https://triptoestonia.ee/et/harjumaa/laitse-loss/,https://laitseloss.ee/,laitseloss.ee,True,30,0,EE,et,False,2024-12-10 04:49:01 +00:00,2026-03-13 11:44:42 +00:00,0,"cms, blogs, organization",noopener
willimiehenjaljilla.blogspot.com,http://willimiehenjaljilla.blogspot.com/2014/07/,http://www.laitseloss.ee/en/,Laitse Lossia,True,30,0,,,False,2023-10-29 15:43:09 +00:00,2026-03-09 00:52:29 +00:00,45,blogs,
worldseodirectory.com,https://worldseodirectory.com/directory-website-list-1604/,https://laitseloss.ee/,laitseloss,True,30,0,,,False,2025-09-07 15:38:57 +00:00,2026-02-06 13:01:15 +00:00,40,"cms, blogs, organization",noopener
willimiehenjaljilla.blogspot.com,http://willimiehenjaljilla.blogspot.com/2014/07/joutseno-etela-karjalan-automuseo.html,http://www.laitseloss.ee/en/,Laitse Lossia,True,30,0,,,False,2023-10-29 15:29:08 +00:00,2025-12-02 17:02:40 +00:00,15,blogs,
www.puhkuseestis.ee,https://www.puhkuseestis.ee/uudised?news_id=2079,http://www.laitseloss.ee/,www.laitseloss.ee,True,29,0,EE,,False,2025-12-25 09:58:47 +00:00,2026-03-22 02:59:08 +00:00,0,unknown,
www.puhkuseestis.ee,https://www.puhkuseestis.ee/ettevotted?sightseeing_id=1663,http://www.laitseloss.ee/,Vaata kodulehte,True,29,0,EE,,False,2025-12-25 13:24:21 +00:00,2025-12-25 13:24:21 +00:00,10,unknown,
virtsu.ee,https://virtsu.ee/artiklid/tekstid/virtsu-muuseumi-monusalt-nuumavad-reisid/,https://www.laitseloss.ee/,Laitse loss,True,29,0,EE,,False,2025-12-20 04:03:07 +00:00,2025-12-20 04:03:07 +00:00,0,"cms, blogs","noreferrer, noopener"
www.lost-unlost-places.de,https://www.lost-unlost-places.de/baltikum-1/quellen/,http://www.laitseloss.ee/homepage,http://www.laitseloss.ee/homepage,True,29,0,DE,de,False,2023-03-15 16:23:16 +00:00,2025-10-27 10:48:42 +00:00,15,cms,
www.djcenter.ee,https://www.djcenter.ee/en/news/miscellaneous/kohad-inventar,https://www.laitseloss.ee/,Laitse Loss,True,28,0,EE,en,False,2026-01-15 05:53:53 +00:00,2026-02-19 15:37:19 +00:00,40,"cms, organization",noopener
www.djcenter.ee,https://www.djcenter.ee/ru/novosti/raznoobraznyj/kohad-inventar,https://www.laitseloss.ee/,Laitse Loss,True,28,0,EE,ru,False,2026-01-15 05:52:25 +00:00,2026-02-19 12:49:17 +00:00,40,"cms, organization",noopener
www.djcenter.ee,https://www.djcenter.ee/uudised/mitmesugust/kohad-inventar,https://www.laitseloss.ee/,Laitse Loss,True,28,0,EE,et,False,2026-01-15 05:03:49 +00:00,2026-02-19 04:01:45 +00:00,40,"cms, organization",noopener
www.nomoz.org,http://www.nomoz.org/site/1381821/laitse-loss.html,http://www.laitseloss.ee/,Laitse Loss,True,28,0,,en,False,2024-09-24 08:24:08 +00:00,2026-02-09 09:33:00 +00:00,50,unknown,
www.nomoz.org,http://www.nomoz.org/Top/Regional/Europe/Estonia/Harjumaa/,http://www.laitseloss.ee/,Laitse Loss,True,28,0,,en,False,2021-09-28 14:00:30 +00:00,2026-02-08 16:38:18 +00:00,50,unknown,
www.celebrategroup.ee,https://www.celebrategroup.ee/portfolio/firmauritused/tietoevry-kauaoodatud-joulupidu/,https://www.laitseloss.ee/,Laitse Loss,True,28,0,EE,et,False,2025-04-12 23:45:14 +00:00,2026-01-17 04:20:41 +00:00,0,"cms, blogs, organization",
www.celebrategroup.ee,https://www.celebrategroup.ee/en/portfolio/corporate-portfolio/tietoevrys-long-awaited-christmas-party/,https://www.laitseloss.ee/,Laitse Loss,True,28,0,EE,en,False,2025-04-12 23:43:01 +00:00,2026-01-17 04:17:08 +00:00,0,"cms, blogs, organization",
lava.graniitvilla.ee,https://lava.graniitvilla.ee/majutus/,http://www.laitseloss.ee/,Laitse lossis,True,28,0,EE,et,False,2025-12-20 20:42:32 +00:00,2025-12-20 20:42:32 +00:00,0,"cms, blogs",noopener
lava.graniitvilla.ee,https://lava.graniitvilla.ee/en/accommandation/,http://www.laitseloss.ee/,Laitse Castle,True,28,0,EE,en,False,2025-12-20 13:13:45 +00:00,2025-12-20 13:13:45 +00:00,0,"cms, blogs",
graniitvilla.ee,https://graniitvilla.ee/en/accommandation/,http://www.laitseloss.ee/,Laitse Castle,True,28,0,EE,en,False,2025-12-20 02:31:25 +00:00,2025-12-20 02:31:25 +00:00,0,"cms, blogs",
graniitvilla.ee,https://graniitvilla.ee/prozivanie/,http://www.laitseloss.ee/,замке Лайтсе,True,28,0,EE,et,False,2025-12-20 02:23:58 +00:00,2025-12-20 02:23:58 +00:00,0,"cms, blogs",
graniitvilla.ee,https://graniitvilla.ee/majutus/,http://www.laitseloss.ee/,Laitse lossis,True,28,6,EE,et,False,2025-12-20 02:23:26 +00:00,2025-12-20 02:23:26 +00:00,0,"cms, blogs",noopener
kodutriibik.blogspot.com,http://kodutriibik.blogspot.com/2006/02/ndalavahetus-mdus-koduseinte-vahel.html,http://www.laitseloss.ee/,lossi,True,28,0,,en,False,2023-10-12 14:56:44 +00:00,2025-11-21 00:57:35 +00:00,60,blogs,
linkboostdirectory.com,https://linkboostdirectory.com/directory-website-list-1604/,https://laitseloss.ee/,laitseloss,True,27,0,,,False,2025-09-07 19:11:41 +00:00,2025-12-28 12:39:11 +00:00,40,"cms, blogs, organization",noopener
traffichubdirectory.com,https://traffichubdirectory.com/directory-website-list-1604/,https://laitseloss.ee/,laitseloss,True,26,0,,,False,2025-09-07 21:20:47 +00:00,2026-02-20 21:09:36 +00:00,40,"cms, blogs, organization",noopener
globalrankdirectory.com,https://globalrankdirectory.com/directory-website-list-1604/,https://laitseloss.ee/,laitseloss,True,26,0,,,False,2025-09-08 00:52:48 +00:00,2026-02-06 22:55:17 +00:00,40,"cms, blogs, organization",noopener
seotrafficdirectory.com,https://seotrafficdirectory.com/directory-website-list-1604/,https://laitseloss.ee/,laitseloss,True,26,0,,,False,2025-09-07 22:43:36 +00:00,2026-02-06 16:47:07 +00:00,40,"cms, blogs, organization",noopener
www.nurgapuukool.ee,https://www.nurgapuukool.ee/enindex.php?id=73&did=2,http://www.laitseloss.ee/flash/flash_en/index.htm,www.laitseloss.ee,True,25,6,EE,,False,2026-02-01 11:07:50 +00:00,2026-02-01 11:07:50 +00:00,10,unknown,
www.nurgapuukool.ee,https://www.nurgapuukool.ee/enindex.php?id=10,http://www.laitseloss.ee/flash/flash_en/index.htm,www.laitseloss.ee,True,24,0,EE,,False,2026-01-17 10:46:18 +00:00,2026-03-08 08:46:35 +00:00,10,unknown,
www.nurgapuukool.ee,https://www.nurgapuukool.ee/enindex.php?id=96&tid=2,http://www.laitseloss.ee/flash/flash_en/index.htm,www.laitseloss.ee,True,24,25,EE,,False,2026-03-08 08:45:25 +00:00,2026-03-08 08:45:25 +00:00,10,unknown,
www.yoys.ee,https://www.yoys.ee/phone-372-55515032-budget-hotel-Laitse-EE26680.html,http://www.laitseloss.ee/,http://www.laitseloss.ee/,False,24,0,EE,en,False,2023-12-23 14:03:26 +00:00,2025-09-06 22:48:55 +00:00,0,organization,nofollow
global-website.pages.dev,https://global-website.pages.dev/04/hGvOvZhpUf,https://laitseloss.ee/,laitseloss.ee,False,22,0,,,False,2023-11-24 15:39:56 +00:00,2026-01-25 10:22:07 +00:00,35,unknown,"noopener, noreferrer, nofollow"
global-website.pages.dev,https://global-website.pages.dev/21/HrYnVqJsOb,https://laitseloss.ee/,laitseloss.ee,False,22,0,,,False,2023-11-14 07:47:00 +00:00,2026-01-25 03:14:17 +00:00,35,unknown,"noopener, noreferrer, nofollow"
instrutec.ee,https://instrutec.ee/en/work-for-ukraininas-in-estonia/employers/laitse-loss-ou/,https://www.laitseloss.ee/home,www.laitseloss.ee,True,22,0,EE,en,False,2024-04-18 13:17:28 +00:00,2025-03-07 04:09:23 +00:00,0,unknown,
blog.rentalmoose.com,https://blog.rentalmoose.com/tag/travel-by-car/page/3/,https://www.laitseloss.ee/murder-mystery,here,True,21,0,US,en,False,2025-09-10 08:52:56 +00:00,2025-09-10 08:52:56 +00:00,35,"cms, blogs, organization","noreferrer, noopener"
blog.rentalmoose.com,https://blog.rentalmoose.com/tag/travel-by-car/page/3/,https://www.laitseloss.ee/home,Laitse castle,True,21,0,US,en,False,2025-09-10 08:52:56 +00:00,2025-09-10 08:52:56 +00:00,35,"cms, blogs, organization","noreferrer, noopener"
blog.rentalmoose.com,https://blog.rentalmoose.com/tag/estonia/,https://www.laitseloss.ee/murder-mystery,here,True,21,0,US,en,False,2025-09-10 08:41:33 +00:00,2025-09-10 08:41:33 +00:00,35,"cms, blogs, organization","noreferrer, noopener"
blog.rentalmoose.com,https://blog.rentalmoose.com/tag/estonia/,https://www.laitseloss.ee/home,Laitse castle,True,21,0,US,en,False,2025-09-10 08:41:33 +00:00,2025-09-10 08:41:33 +00:00,35,"cms, blogs, organization","noreferrer, noopener"
blog.rentalmoose.com,https://blog.rentalmoose.com/tag/manor/,https://www.laitseloss.ee/murder-mystery,here,True,21,0,US,en,False,2025-09-10 08:39:08 +00:00,2025-09-10 08:39:08 +00:00,30,"cms, blogs, organization","noreferrer, noopener"
blog.rentalmoose.com,https://blog.rentalmoose.com/tag/manor/,https://www.laitseloss.ee/home,Laitse castle,True,21,0,US,en,False,2025-09-10 08:39:08 +00:00,2025-09-10 08:39:08 +00:00,30,"cms, blogs, organization","noreferrer, noopener"
blog.rentalmoose.com,https://blog.rentalmoose.com/tag/road-trip/,https://www.laitseloss.ee/murder-mystery,here,True,21,0,US,en,False,2025-09-10 08:38:36 +00:00,2025-09-10 08:38:36 +00:00,35,"cms, blogs, organization","noreferrer, noopener"
blog.rentalmoose.com,https://blog.rentalmoose.com/tag/road-trip/,https://www.laitseloss.ee/home,Laitse castle,True,21,0,US,en,False,2025-09-10 08:38:36 +00:00,2025-09-10 08:38:36 +00:00,35,"cms, blogs, organization","noreferrer, noopener"
blog.rentalmoose.com,https://blog.rentalmoose.com/tag/history/,https://www.laitseloss.ee/murder-mystery,here,True,21,0,US,en,False,2025-09-10 08:38:16 +00:00,2025-09-10 08:38:16 +00:00,50,"cms, blogs, organization","noreferrer, noopener"
blog.rentalmoose.com,https://blog.rentalmoose.com/tag/history/,https://www.laitseloss.ee/home,Laitse castle,True,21,0,US,en,False,2025-09-10 08:38:16 +00:00,2025-09-10 08:38:16 +00:00,50,"cms, blogs, organization","noreferrer, noopener"
blog.rentalmoose.com,https://blog.rentalmoose.com/tag/castle/,https://www.laitseloss.ee/murder-mystery,here,True,21,0,US,en,False,2025-09-10 08:36:12 +00:00,2025-09-10 08:36:12 +00:00,30,"cms, blogs, organization","noreferrer, noopener"
blog.rentalmoose.com,https://blog.rentalmoose.com/tag/castle/,https://www.laitseloss.ee/home,Laitse castle,True,21,0,US,en,False,2025-09-10 08:36:12 +00:00,2025-09-10 08:36:12 +00:00,30,"cms, blogs, organization","noreferrer, noopener"
blog.rentalmoose.com,https://blog.rentalmoose.com/author/wpadmin/page/2/,https://www.laitseloss.ee/murder-mystery,here,True,20,0,US,en,False,2021-12-23 23:05:46 +00:00,2026-03-18 03:37:59 +00:00,50,"cms, blogs, organization","noreferrer, noopener"
blog.rentalmoose.com,https://blog.rentalmoose.com/author/wpadmin/page/2/,https://www.laitseloss.ee/home,Laitse castle,True,20,0,US,en,False,2021-12-23 23:05:46 +00:00,2026-03-18 03:37:59 +00:00,50,"cms, blogs, organization","noreferrer, noopener"
blog.rentalmoose.com,https://blog.rentalmoose.com/road-trip-through-the-manors-and-castles-of-estonia/,https://www.laitseloss.ee/murder-mystery,here,True,20,0,US,en,False,2021-06-21 18:26:22 +00:00,2026-03-18 03:34:31 +00:00,20,"cms, blogs, organization","noreferrer, noopener"
blog.rentalmoose.com,https://blog.rentalmoose.com/road-trip-through-the-manors-and-castles-of-estonia/,https://www.laitseloss.ee/home,Laitse castle,True,20,0,US,en,False,2021-06-21 18:26:22 +00:00,2026-03-18 03:34:31 +00:00,20,"cms, blogs, organization","noreferrer, noopener"
blog.rentalmoose.com,https://blog.rentalmoose.com/category/travel-guides/estonia/,https://www.laitseloss.ee/murder-mystery,here,True,20,0,US,en,False,2021-06-21 18:43:35 +00:00,2026-03-18 03:24:45 +00:00,35,"cms, blogs, organization","noreferrer, noopener"
blog.rentalmoose.com,https://blog.rentalmoose.com/category/travel-guides/estonia/,https://www.laitseloss.ee/home,Laitse castle,True,20,0,US,en,False,2021-06-21 18:43:35 +00:00,2026-03-18 03:24:45 +00:00,35,"cms, blogs, organization","noreferrer, noopener"
www.eestis.ee,https://www.eestis.ee/%C3%BCritus/index5.htm,http://www.laitseloss.ee/,http://www.laitseloss.ee,False,20,0,EE,,False,2022-07-28 04:26:28 +00:00,2026-02-24 20:01:31 +00:00,30,unknown,nofollow
www.eestis.ee,https://www.eestis.ee/laitse.htm,http://www.laitseloss.ee/,http://www.laitseloss.ee,False,20,0,EE,,False,2022-07-13 02:41:01 +00:00,2026-02-23 01:37:04 +00:00,30,unknown,nofollow
www.eestis.ee,https://www.eestis.ee/Turism/Majutus/Laitse-Loss-O%C3%9C-l55595.html,http://www.laitseloss.ee/,Laitse Loss OÜ,False,20,0,EE,,False,2022-07-28 01:14:53 +00:00,2026-02-22 20:08:44 +00:00,25,unknown,nofollow
www.eestis.ee,https://www.eestis.ee/%C3%BCritused/index3.htm,http://www.laitseloss.ee/,http://www.laitseloss.ee,False,20,0,EE,,False,2022-07-13 04:58:05 +00:00,2026-02-22 15:53:27 +00:00,30,unknown,nofollow
www.loode-eesti.ee,https://www.loode-eesti.ee/objekt/laitse-castle/?lang=en,https://www.laitseloss.ee/avaleht,Homepage,True,20,0,EE,en,False,2025-12-21 05:09:11 +00:00,2025-12-21 05:09:11 +00:00,0,"cms, blogs, organization",
www.loode-eesti.ee,https://www.loode-eesti.ee/objekt/laitse-lossi-elamusmajutus-uksinda-lossis/,https://www.laitseloss.ee/uksinda-lossis/,Vaata kodulehte,True,20,0,EE,et,False,2025-12-21 04:54:43 +00:00,2025-12-21 04:54:43 +00:00,0,"cms, blogs, organization",
www.loode-eesti.ee,https://www.loode-eesti.ee/objekt/%D0%B7%D0%B0%D0%BC%D0%BE%D0%BA-%D0%BB%D0%B0%D0%B9%D1%82%D1%81%D0%B5-2/?lang=ru,https://www.laitseloss.ee/avaleht,Vaata kodulehte,True,20,0,EE,ru,False,2025-12-21 04:10:31 +00:00,2025-12-21 04:10:31 +00:00,0,"cms, blogs",
www.loode-eesti.ee,https://www.loode-eesti.ee/objekt/glamuursed-morvamusteeriumid-laitse-lossis/,https://www.laitseloss.ee/morvamusteerium/,Vaata kodulehte,True,20,0,EE,et,False,2025-12-21 03:32:46 +00:00,2025-12-21 03:32:46 +00:00,0,"cms, blogs, organization",
www.loode-eesti.ee,https://www.loode-eesti.ee/objekt/%D0%B7%D0%B0%D0%BC%D0%BE%D0%BA-%D0%BB%D0%B0%D0%B9%D1%82%D1%81%D0%B5/?lang=ru,https://www.laitseloss.ee/glavnaja-stranica,Vaata kodulehte,True,20,0,EE,ru,False,2025-12-21 02:33:24 +00:00,2025-12-21 02:33:24 +00:00,0,"cms, blogs",
www.loode-eesti.ee,https://www.loode-eesti.ee/objekt/laitse-loss/,https://www.laitseloss.ee/avaleht,Vaata kodulehte,True,20,0,EE,et,False,2025-12-21 02:29:55 +00:00,2025-12-21 02:29:55 +00:00,0,"cms, blogs, organization",
www.loode-eesti.ee,https://www.loode-eesti.ee/objekt/162464/?lang=en,https://www.laitseloss.ee/uksinda-lossis/,Homepage,True,20,0,EE,en,False,2025-12-21 00:59:05 +00:00,2025-12-21 00:59:05 +00:00,0,"cms, blogs, organization",
www.loode-eesti.ee,https://www.loode-eesti.ee/objekt/162465/?lang=ru,https://www.laitseloss.ee/uksinda-lossis/,Vaata kodulehte,True,20,0,EE,ru,False,2025-12-21 00:53:21 +00:00,2025-12-21 00:53:21 +00:00,0,"cms, blogs",
www.loode-eesti.ee,https://www.loode-eesti.ee/objekt/%D0%BE%D1%82%D0%B5%D0%BB%D1%8C-%D0%B7%D0%B0%D0%BC%D0%BA%D0%B0-%D0%BB%D0%B0%D0%B9%D1%82%D1%81%D0%B5/?lang=ru,https://www.laitseloss.ee/glavnaja-stranica,Vaata kodulehte,True,20,0,EE,ru,False,2025-12-21 00:41:44 +00:00,2025-12-21 00:41:44 +00:00,0,"cms, blogs",
www.loode-eesti.ee,https://www.loode-eesti.ee/objekt/laitse-castle-guesthouse/?lang=en,https://www.laitseloss.ee/avaleht,Homepage,True,20,0,EE,en,False,2025-12-21 00:40:43 +00:00,2025-12-21 00:40:43 +00:00,0,"cms, blogs, organization",
www.loode-eesti.ee,https://www.loode-eesti.ee/objekt/laitse-castle-2/?lang=en,https://www.laitseloss.ee/avaleht,Homepage,True,20,0,EE,en,False,2025-12-21 00:21:01 +00:00,2025-12-21 00:21:01 +00:00,0,"cms, blogs, organization",
www.loode-eesti.ee,https://www.loode-eesti.ee/objekt/laitse-lossi-kulalistemaja/,https://www.laitseloss.ee/avaleht,Vaata kodulehte,True,20,0,EE,et,False,2025-12-21 00:06:44 +00:00,2025-12-21 00:06:44 +00:00,0,"cms, blogs, organization",
www.loode-eesti.ee,https://www.loode-eesti.ee/romantiline-nadalalopp-loode-eestis/,https://www.laitseloss.ee/avaleht/,Laitse Lossi veebilehel,True,20,0,EE,et,False,2025-12-20 23:43:43 +00:00,2025-12-20 23:43:43 +00:00,5,"cms, blogs, organization",noopener
www.eestis.ee,https://www.eestis.ee/ritus/index6.htm,http://www.laitseloss.ee/,http://www.laitseloss.ee,False,19,0,EE,,False,2022-09-28 21:32:02 +00:00,2025-12-25 23:54:56 +00:00,30,unknown,nofollow
www.selectinet.com,https://www.selectinet.com/categories/Top/Regional/Europe/Estonia/Harjumaa/Kernu/,https://laitseloss.ee/,Laitse Loss,False,19,0,WW,en,False,2024-11-27 04:07:56 +00:00,2025-11-29 19:34:41 +00:00,15,unknown,nofollow
menehune.pages.dev,https://menehune.pages.dev/18/HrYnVqJsOb,https://laitseloss.ee/,laitseloss.ee,False,17,0,,,False,2023-10-14 20:19:36 +00:00,2026-03-14 01:25:21 +00:00,25,unknown,"noopener, noreferrer, nofollow"
www.eestis.ee,https://www.eestis.ee/Turism/Majutus/index26.html,http://www.laitseloss.ee/,http://www.laitseloss.ee,False,17,0,EE,,False,2024-12-23 15:58:25 +00:00,2025-12-25 14:32:51 +00:00,35,unknown,nofollow
www.eestis.ee,https://www.eestis.ee/ritused/index3.htm,http://www.laitseloss.ee/,http://www.laitseloss.ee,False,17,0,EE,,False,2022-07-13 09:29:48 +00:00,2025-12-25 10:45:40 +00:00,30,unknown,nofollow
www.eestis.ee,https://www.eestis.ee/esileht/index27.htm,http://www.laitseloss.ee/,http://www.laitseloss.ee,False,17,0,EE,,False,2025-12-25 09:04:44 +00:00,2025-12-25 09:04:44 +00:00,30,unknown,nofollow
www.eestis.ee,https://www.eestis.ee/m%C3%B5is/index4.htm,http://www.laitseloss.ee/,http://www.laitseloss.ee,False,17,0,EE,,False,2022-07-28 06:05:22 +00:00,2025-12-24 18:45:16 +00:00,30,unknown,nofollow
www.loode-eesti.ee,https://www.loode-eesti.ee/objekt/laitse-loss-2/,https://www.laitseloss.ee/avaleht,Vaata kodulehte,True,16,0,EE,et,False,2025-12-18 02:34:26 +00:00,2025-12-18 02:34:26 +00:00,0,"cms, blogs, organization",
www.loode-eesti.ee,https://www.loode-eesti.ee/objekt/restoran-pada-pott/,https://www.laitseloss.ee/avaleht/,Vaata kodulehte,True,16,0,EE,et,False,2025-12-18 02:25:05 +00:00,2025-12-18 02:25:05 +00:00,0,"cms, blogs, organization",
primecompanydirectory.com,https://primecompanydirectory.com/directory-website-list-1604-online-success-859/,https://laitseloss.ee/,laitseloss,True,14,0,,,False,2026-03-15 13:45:16 +00:00,2026-03-15 13:45:16 +00:00,50,"cms, blogs, organization",noopener
algolinkers.com,https://algolinkers.com/boost-your-seo-matrices-with-our-backlink-services-buy-now-88/,https://laitseloss.ee/,laitseloss.ee,False,14,0,,en,False,2025-06-11 23:01:17 +00:00,2025-12-22 03:31:58 +00:00,20,"cms, blogs, organization","noopener, nofollow, external, noreferrer"
allistingdirectory.com,https://allistingdirectory.com/directory-website-list-1604/,https://laitseloss.ee/,laitseloss,True,13,0,,,False,2026-03-10 11:59:41 +00:00,2026-03-10 11:59:41 +00:00,40,"cms, blogs, organization",noopener
mysteerium.ee,https://mysteerium.ee/sona-on-pealtnagijatel/,https://www.laitseloss.ee/osaleja-kogemus,Laitse loss,True,12,0,EE,et,False,2026-01-28 13:12:25 +00:00,2026-01-28 13:12:25 +00:00,0,"cms, blogs",
muhkel.ee,https://muhkel.ee/tag/maed/,https://www.laitseloss.ee/,Laitse mõis,True,10,0,EE,et,False,2024-02-21 21:30:08 +00:00,2026-01-15 02:52:59 +00:00,20,"cms, organization","noreferrer, noopener"
muhkel.ee,https://muhkel.ee/laitsest-ungruni/,https://www.laitseloss.ee/,Laitse mõis,True,10,0,EE,et,False,2024-02-21 22:08:59 +00:00,2026-01-14 23:44:45 +00:00,5,"cms, organization","noreferrer, noopener"
muhkel.ee,https://muhkel.ee/tag/loss/page/6/,https://www.laitseloss.ee/,Laitse mõis,True,10,0,EE,et,False,2025-05-06 07:49:13 +00:00,2026-01-14 17:32:11 +00:00,15,"cms, organization","noreferrer, noopener"
muhkel.ee,https://muhkel.ee/tag/vangla/,https://www.laitseloss.ee/,Laitse mõis,True,10,0,EE,et,False,2024-02-21 21:32:02 +00:00,2026-01-14 17:22:11 +00:00,20,"cms, organization","noreferrer, noopener"
onlineexpo.ee,https://onlineexpo.ee/en/work-for-ukraininas-in-estonia/employers/laitse-loss-ou/,https://www.laitseloss.ee/home,www.laitseloss.ee,True,10,0,EE,en,False,2025-03-07 06:25:48 +00:00,2025-03-07 06:25:48 +00:00,0,unknown,
loveitself.net,https://loveitself.net/2020-god-ohotniki-za-usadbami-latviya-es-6/,https://www.laitseloss.ee/galerii/,Мы́за Ла́йтсе.,True,9,0,,ru,False,2023-08-14 09:21:49 +00:00,2025-11-21 10:53:00 +00:00,30,"cms, blogs",noopener
loveitself.net,https://loveitself.net/travel/111_2020lv_est6.php,https://www.laitseloss.ee/galerii/,Мы́за Ла́йтсе.,True,9,0,,,False,2023-10-10 05:59:16 +00:00,2025-09-03 20:41:16 +00:00,25,unknown,
saarestsaatseni.ee,https://saarestsaatseni.ee/shop/harjumaa/sauevald/laitseloss/,https://www.laitseloss.ee/,Laitse loss,True,6,0,EE,et,False,2026-01-29 19:36:59 +00:00,2026-01-29 19:36:59 +00:00,0,"cms, organization",noopener
seobacklinks.agency,https://seobacklinks.agency/professional-high-quality-dofollow-link-building-for-your-website-seo-38881/,https://laitseloss.ee/,"https://laitseloss.ee – You need to Skyrocket your Ahrefs DR, Moz DA, and Majestic TF with real PBN, Guest posts, and premium backlinks—competitors trust us, why not you? Pay after work! Visit SeoBoost.agency now!",False,4,0,,en,False,2025-05-16 09:20:29 +00:00,2025-05-16 09:20:29 +00:00,45,"cms, blogs",nofollow
sights2see.com,https://sights2see.com/estonia/laitse-castle/2250/alias/1,http://www.laitseloss.ee/,http://www.laitseloss.ee/,True,3,0,WW,,False,2022-03-26 11:34:23 +00:00,2025-11-23 16:22:24 +00:00,0,unknown,
sights2see.com,https://sights2see.com/estonia/laitse-castle/2250/addPhotos,http://www.laitseloss.ee/,http://www.laitseloss.ee/,True,3,0,WW,,False,2022-03-26 11:40:36 +00:00,2025-11-23 16:22:20 +00:00,0,unknown,
sights2see.com,https://sights2see.com/estonia/laitse-castle/2250/addVideo,http://www.laitseloss.ee/,http://www.laitseloss.ee/,True,3,0,WW,,False,2022-03-26 11:33:23 +00:00,2025-11-23 16:22:16 +00:00,0,unknown,
sights2see.com,https://sights2see.com/estonia/laitse-castle/2250,http://www.laitseloss.ee/,http://www.laitseloss.ee/,True,3,0,WW,,False,2022-03-26 00:09:03 +00:00,2025-11-23 10:26:01 +00:00,0,unknown,
enterprisedirectoryhub.com,https://enterprisedirectoryhub.com/directory-website-list-1604-online-success-859/,https://laitseloss.ee/,laitseloss,True,0,0,,,False,2026-03-22 06:58:37 +00:00,2026-03-22 06:58:37 +00:00,50,"cms, blogs, organization",noopener
ready.pro,https://ready.pro/stats/47783,https://laitseloss.ee/,laitseloss.ee,False,0,0,,en,False,2026-01-28 08:52:58 +00:00,2026-01-28 08:52:58 +00:00,50,unknown,nofollow
maarja.korstnik.eu,https://maarja.korstnik.eu/,https://www.laitseloss.ee/morvamusteerium,Mõrvamüsteeriumid Laitse lossis,True,0,0,,et,False,2025-06-28 09:07:19 +00:00,2026-01-17 18:35:15 +00:00,15,cms,
pintslikurat.ee,https://pintslikurat.ee/activity/page/3/,http://laitseloss.ee/,Laitse Lossi,True,0,0,EE,et,False,2026-01-17 14:12:17 +00:00,2026-01-17 14:12:17 +00:00,0,"cms, blogs",
pintslikurat.ee,https://pintslikurat.ee/activity/,http://laitseloss.ee/,Laitse Lossi,True,0,0,EE,et,False,2026-01-17 14:02:18 +00:00,2026-01-17 14:02:18 +00:00,0,"cms, blogs",
maarja.korstnik.eu,https://maarja.korstnik.eu/eng/,https://www.laitseloss.ee/murder-mystery,Murder Mysteries in Laitse Castle,True,0,0,,et,False,2025-06-28 09:05:39 +00:00,2026-01-16 06:01:48 +00:00,25,cms,
pintslikurat.ee,https://pintslikurat.ee/categories/events/meie-pulmad-kolopulm-13-08-2021-15-08-2021/,http://laitseloss.ee/,Laitse Lossi,True,0,0,EE,et,False,2026-01-16 03:59:53 +00:00,2026-01-16 03:59:53 +00:00,0,"cms, blogs",
mariliblogib.blogspot.com,http://mariliblogib.blogspot.com/2018/01/aeglases-tempos.html,https://www.laitseloss.ee/morvamusteerium/,Mõrvamüsteerium Laitse lossis,True,0,0,,,False,2023-12-26 03:58:09 +00:00,2026-01-09 14:11:03 +00:00,30,blogs,
seodirectorypro.com,https://seodirectorypro.com/directory-website-list-1604/,https://laitseloss.ee/,laitseloss,True,0,0,,,False,2025-12-21 23:15:34 +00:00,2025-12-21 23:15:34 +00:00,30,"cms, blogs, organization",noopener
eestoturisto.ee,https://eestoturisto.ee/morvamusteerium-laitselossis/,http://www.laitseloss.ee/,Laitseloss.,True,0,0,EE,ru,False,2025-12-21 19:11:26 +00:00,2025-12-21 19:11:26 +00:00,0,organization,
all-aboutmypassions.blogspot.com,http://all-aboutmypassions.blogspot.com/2014/,http://www.laitseloss.ee/,Laitse Castle,True,0,0,,en,False,2023-10-05 22:25:23 +00:00,2025-12-02 06:23:42 +00:00,85,blogs,
all-aboutmypassions.blogspot.com,http://all-aboutmypassions.blogspot.com/2014/,http://laitseloss.ee/en/activities/cars,classic cars,True,0,0,,en,False,2023-10-05 22:25:23 +00:00,2025-12-02 06:23:42 +00:00,85,blogs,
all-aboutmypassions.blogspot.com,http://all-aboutmypassions.blogspot.com/2014/08/,http://www.laitseloss.ee/,Laitse Castle,True,0,0,,en,False,2023-10-05 22:48:31 +00:00,2025-12-02 06:20:36 +00:00,60,blogs,
all-aboutmypassions.blogspot.com,http://all-aboutmypassions.blogspot.com/2014/08/,http://laitseloss.ee/en/activities/cars,classic cars,True,0,0,,en,False,2023-10-05 22:48:31 +00:00,2025-12-02 06:20:36 +00:00,60,blogs,
all-aboutmypassions.blogspot.com,http://all-aboutmypassions.blogspot.com/2014/08/at-laitse-castle.html,http://www.laitseloss.ee/,Laitse Castle,True,0,0,,en,False,2023-10-05 12:07:29 +00:00,2025-12-02 06:10:29 +00:00,30,blogs,
all-aboutmypassions.blogspot.com,http://all-aboutmypassions.blogspot.com/2014/08/at-laitse-castle.html,http://laitseloss.ee/en/activities/cars,classic cars,True,0,0,,en,False,2023-10-05 12:07:29 +00:00,2025-12-02 06:10:29 +00:00,30,blogs,
www.chlaanestephoto.com,https://www.chlaanestephoto.com/pulmad/markoandsilvia,https://www.laitseloss.ee/,Laitse Loss,True,0,0,,en,False,2025-09-19 14:41:13 +00:00,2025-11-22 17:46:35 +00:00,10,"cms, organization",
backlinkboostdirectory.com,https://backlinkboostdirectory.com/website-list-1604/,https://laitseloss.ee/,laitseloss,True,0,0,,,False,2025-07-14 20:36:25 +00:00,2025-07-14 20:36:25 +00:00,40,"cms, blogs, organization",noopener
dewiki.one,https://dewiki.one/wiki/Laitse,http://www.laitseloss.ee/en/,Официальный сайт усадьбы Лайтсе,False,0,0,,ru,False,2024-09-05 11:19:48 +00:00,2025-07-13 06:12:59 +00:00,15,unknown,nofollow
topsiterankdirectory.com,https://topsiterankdirectory.com/website-list-1604/,https://laitseloss.ee/,laitseloss,True,0,0,,,False,2025-07-09 19:11:40 +00:00,2025-07-09 19:11:40 +00:00,40,"cms, blogs",noopener
rankgrow.agency,https://rankgrow.agency/risk-free-seo-backlinks-service-38881/,https://laitseloss.ee/,"https://laitseloss.ee – Increase your site’s backlinks and skyrocket your DA, DR, and TF with our expert SEO services—authentic dofollow backlinks, guest posts, and PBN links delivered by our team. Visit BuySeoLink.com to choose a plan, enjoy our pay-after-work model, and access 24/7 support!",False,0,0,,en,False,2025-05-10 16:14:53 +00:00,2025-05-10 16:14:53 +00:00,45,"cms, blogs",nofollow
